idImport;TIPO;ID;NOME;TELEFONE;CEP;UF;CIDADE;ATIVIDADE_PRINCIPAL_CNAE;CNPJ_CPF;AUTORIZANTE;EMAIL
1;3;61.9920.0055;VICTORIACRIISTINA8;61-95889473;72140080;AL;PENEDO;Atividades de estética e outros serviços de cuidados com a beleza;42413805000109;VICTORIACRIISTINA8;VICTORIACRIISTINA8@GMAIL.COM
2;3;61.9920.0055;CAMILLACAPUTO;61-82822830;72016015;AL;PENEDO;Preparação de documentos e serviços especializados de apoio administrativo não especificados anteriormente;42413805000110;CAMILLACAPUTO;CAMILLACAPUTO@OUTLOOK.COM
3;3;61.9920.0055;LUCASALEXMORAIS;61-96429014;72145760;AL;PENEDO;Reparação e manutenção de computadores e de equipamentos periféricos;42413805000111;LUCASALEXMORAIS;LUCASALEXMORAIS@GMAIL.COM
4;3;61.9920.0055;CONTAX.BSB;61-83852535;72010020;AL;PENEDO;Outras atividades auxiliares dos transportes terrestres não especificadas anteriormente;42413805000112;CONTAX.BSB;CONTAX.BSB@GMAIL.COM
5;3;61.9920.0055;ADVANCE TECNOLOGIA;61-98740692;72010010;AL;PENEDO;Treinamento em desenvolvimento profissional e gerencial;42413805000113;MILTONDSW;MILTONDSW@GMAIL.COM
6;3;61.9920.0055;VICTORIACRIISTINA9;61-95889474;72140081;AL;PENEDO;Atividades de estética e outros serviços de cuidados com a beleza;42413805000114;VICTORIACRIISTINA9;VICTORIACRIISTINA8@GMAIL.COM
7;3;61.9920.0055;CAMILLACAPUTO;61-82822831;72016016;AL;PENEDO;Preparação de documentos e serviços especializados de apoio administrativo não especificados anteriormente;42413805000115;CAMILLACAPUTO;CAMILLACAPUTO@OUTLOOK.COM
8;3;61.9920.0055;LUCASALEXMORAIS;61-96429015;72145761;AL;PENEDO;Reparação e manutenção de computadores e de equipamentos periféricos;42413805000116;LUCASALEXMORAIS;LUCASALEXMORAIS@GMAIL.COM
9;3;61.9920.0055;CONTAX.BSB;61-83852536;72010021;AL;PENEDO;Outras atividades auxiliares dos transportes terrestres não especificadas anteriormente;42413805000117;CONTAX.BSB;CONTAX.BSB@GMAIL.COM
10;3;61.9920.0055;ADVANCE TECNOLOGIA;61-98740693;72010011;AL;PENEDO;Treinamento em desenvolvimento profissional e gerencial;42413805000118;MILTONDSW;MILTONDSW@GMAIL.COM
11;3;61.9920.0055;VICTORIACRIISTINA10;61-95889475;72140082;AL;PENEDO;Atividades de estética e outros serviços de cuidados com a beleza;42413805000119;VICTORIACRIISTINA10;VICTORIACRIISTINA8@GMAIL.COM
12;3;61.9920.0055;CAMILLACAPUTO;61-82822832;72016017;AL;PENEDO;Preparação de documentos e serviços especializados de apoio administrativo não especificados anteriormente;42413805000120;CAMILLACAPUTO;CAMILLACAPUTO@OUTLOOK.COM
13;3;61.9920.0055;LUCASALEXMORAIS;61-96429016;72145762;AL;PENEDO;Reparação e manutenção de computadores e de equipamentos periféricos;42413805000121;LUCASALEXMORAIS;LUCASALEXMORAIS@GMAIL.COM
14;3;61.9920.0055;CONTAX.BSB;61-83852537;72010022;AL;PENEDO;Outras atividades auxiliares dos transportes terrestres não especificadas anteriormente;42413805000122;CONTAX.BSB;CONTAX.BSB@GMAIL.COM
15;3;61.9920.0055;ADVANCE TECNOLOGIA;61-98740694;72010012;AL;PENEDO;Treinamento em desenvolvimento profissional e gerencial;42413805000123;MILTONDSW;MILTONDSW@GMAIL.COM
16;3;61.9920.0055;VICTORIACRIISTINA11;61-95889476;72140083;AL;PENEDO;Atividades de estética e outros serviços de cuidados com a beleza;42413805000124;VICTORIACRIISTINA11;VICTORIACRIISTINA8@GMAIL.COM
17;3;61.9920.0055;CAMILLACAPUTO;61-82822833;72016018;AL;PENEDO;Preparação de documentos e serviços especializados de apoio administrativo não especificados anteriormente;42413805000125;CAMILLACAPUTO;CAMILLACAPUTO@OUTLOOK.COM
18;3;61.9920.0055;VICTORIACRIISTINA9;61-95889474;72140081;AL;PENEDO;Atividades de estética e outros serviços de cuidados com a beleza;42413805000126;VICTORIACRIISTINA9;VICTORIACRIISTINA8@GMAIL.COM
19;3;61.9920.0055;CAMILLACAPUTO;61-82822831;72016016;AL;PENEDO;Preparação de documentos e serviços especializados de apoio administrativo não especificados anteriormente;42413805000127;CAMILLACAPUTO;CAMILLACAPUTO@OUTLOOK.COM
20;3;61.9920.0055;LUCASALEXMORAIS;61-96429015;72145761;AL;PENEDO;Reparação e manutenção de computadores e de equipamentos periféricos;42413805000128;LUCASALEXMORAIS;LUCASALEXMORAIS@GMAIL.COM
21;3;61.9920.0055;CONTAX.BSB;61-83852536;72010021;AL;PENEDO;Outras atividades auxiliares dos transportes terrestres não especificadas anteriormente;42413805000129;CONTAX.BSB;CONTAX.BSB@GMAIL.COM
22;3;61.9920.0055;ADVANCE TECNOLOGIA;61-98740693;72010011;AL;PENEDO;Treinamento em desenvolvimento profissional e gerencial;42413805000130;MILTONDSW;MILTONDSW@GMAIL.COM
23;3;61.9920.0055;VICTORIACRIISTINA10;61-95889475;72140082;AL;PENEDO;Atividades de estética e outros serviços de cuidados com a beleza;42413805000131;VICTORIACRIISTINA10;VICTORIACRIISTINA8@GMAIL.COM
24;3;61.9920.0055;CAMILLACAPUTO;61-82822832;72016017;AL;PENEDO;Preparação de documentos e serviços especializados de apoio administrativo não especificados anteriormente;42413805000132;CAMILLACAPUTO;CAMILLACAPUTO@OUTLOOK.COM
25;3;61.9920.0055;LUCASALEXMORAIS;61-96429016;72145762;AL;PENEDO;Reparação e manutenção de computadores e de equipamentos periféricos;42413805000133;LUCASALEXMORAIS;LUCASALEXMORAIS@GMAIL.COM
26;3;61.9920.0055;CONTAX.BSB;61-83852537;72010022;AL;PENEDO;Outras atividades auxiliares dos transportes terrestres não especificadas anteriormente;42413805000134;CONTAX.BSB;CONTAX.BSB@GMAIL.COM
27;3;61.9920.0055;ADVANCE TECNOLOGIA;61-98740694;72010012;AL;PENEDO;Treinamento em desenvolvimento profissional e gerencial;42413805000135;MILTONDSW;MILTONDSW@GMAIL.COM
28;3;61.9920.0055;VICTORIACRIISTINA11;61-95889476;72140083;AL;PENEDO;Atividades de estética e outros serviços de cuidados com a beleza;42413805000136;VICTORIACRIISTINA11;VICTORIACRIISTINA8@GMAIL.COM
29;3;61.9920.0055;CAMILLACAPUTO;61-82822833;72016018;AL;PENEDO;Preparação de documentos e serviços especializados de apoio administrativo não especificados anteriormente;42413805000137;CAMILLACAPUTO;CAMILLACAPUTO@OUTLOOK.COM
30;3;61.9920.0055;LUCASALEXMORAIS;61-96429017;72145763;AL;PENEDO;Reparação e manutenção de computadores e de equipamentos periféricos;42413805000138;LUCASALEXMORAIS;LUCASALEXMORAIS@GMAIL.COM
31;3;61.9920.0055;CONTAX.BSB;61-83852538;72010023;AL;PENEDO;Outras atividades auxiliares dos transportes terrestres não especificadas anteriormente;42413805000139;CONTAX.BSB;CONTAX.BSB@GMAIL.COM
32;3;61.9920.0055;ADVANCE TECNOLOGIA;61-98740695;72010013;AL;PENEDO;Treinamento em desenvolvimento profissional e gerencial;42413805000140;MILTONDSW;MILTONDSW@GMAIL.COM
33;3;61.9920.0055;VICTORIACRIISTINA12;61-95889477;72140084;AL;PENEDO;Atividades de estética e outros serviços de cuidados com a beleza;42413805000141;VICTORIACRIISTINA12;VICTORIACRIISTINA8@GMAIL.COM
34;3;61.9920.0055;CAMILLACAPUTO;61-82822834;72016019;AL;PENEDO;Preparação de documentos e serviços especializados de apoio administrativo não especificados anteriormente;42413805000142;CAMILLACAPUTO;CAMILLACAPUTO@OUTLOOK.COM
35;3;61.9920.0055;VICTORIACRIISTINA10;61-95889475;72140082;AL;PENEDO;Atividades de estética e outros serviços de cuidados com a beleza;42413805000143;VICTORIACRIISTINA10;VICTORIACRIISTINA8@GMAIL.COM
36;3;61.9920.0055;CAMILLACAPUTO;61-82822832;72016017;AL;PENEDO;Preparação de documentos e serviços especializados de apoio administrativo não especificados anteriormente;42413805000144;CAMILLACAPUTO;CAMILLACAPUTO@OUTLOOK.COM
37;3;61.9920.0055;LUCASALEXMORAIS;61-96429016;72145762;AL;PENEDO;Reparação e manutenção de computadores e de equipamentos periféricos;42413805000145;LUCASALEXMORAIS;LUCASALEXMORAIS@GMAIL.COM
38;3;61.9920.0055;CONTAX.BSB;61-83852537;72010022;AL;PENEDO;Outras atividades auxiliares dos transportes terrestres não especificadas anteriormente;42413805000146;CONTAX.BSB;CONTAX.BSB@GMAIL.COM
39;3;61.9920.0055;ADVANCE TECNOLOGIA;61-98740694;72010012;AL;PENEDO;Treinamento em desenvolvimento profissional e gerencial;42413805000147;MILTONDSW;MILTONDSW@GMAIL.COM
40;3;61.9920.0055;VICTORIACRIISTINA11;61-95889476;72140083;AL;PENEDO;Atividades de estética e outros serviços de cuidados com a beleza;42413805000148;VICTORIACRIISTINA11;VICTORIACRIISTINA8@GMAIL.COM
41;3;61.9920.0055;CAMILLACAPUTO;61-82822833;72016018;AL;PENEDO;Preparação de documentos e serviços especializados de apoio administrativo não especificados anteriormente;42413805000149;CAMILLACAPUTO;CAMILLACAPUTO@OUTLOOK.COM
42;3;61.9920.0055;LUCASALEXMORAIS;61-96429017;72145763;AL;PENEDO;Reparação e manutenção de computadores e de equipamentos periféricos;42413805000150;LUCASALEXMORAIS;LUCASALEXMORAIS@GMAIL.COM
43;3;61.9920.0055;CONTAX.BSB;61-83852538;72010023;AL;PENEDO;Outras atividades auxiliares dos transportes terrestres não especificadas anteriormente;42413805000151;CONTAX.BSB;CONTAX.BSB@GMAIL.COM
44;3;61.9920.0055;ADVANCE TECNOLOGIA;61-98740695;72010013;AL;PENEDO;Treinamento em desenvolvimento profissional e gerencial;42413805000152;MILTONDSW;MILTONDSW@GMAIL.COM
45;3;61.9920.0055;VICTORIACRIISTINA12;61-95889477;72140084;AL;PENEDO;Atividades de estética e outros serviços de cuidados com a beleza;42413805000153;VICTORIACRIISTINA12;VICTORIACRIISTINA8@GMAIL.COM
46;3;61.9920.0055;CAMILLACAPUTO;61-82822834;72016019;AL;PENEDO;Preparação de documentos e serviços especializados de apoio administrativo não especificados anteriormente;42413805000154;CAMILLACAPUTO;CAMILLACAPUTO@OUTLOOK.COM
47;3;61.9920.0055;LUCASALEXMORAIS;61-96429018;72145764;AL;PENEDO;Reparação e manutenção de computadores e de equipamentos periféricos;42413805000155;LUCASALEXMORAIS;LUCASALEXMORAIS@GMAIL.COM
48;3;61.9920.0055;CONTAX.BSB;61-83852539;72010024;AL;PENEDO;Outras atividades auxiliares dos transportes terrestres não especificadas anteriormente;42413805000156;CONTAX.BSB;CONTAX.BSB@GMAIL.COM
49;3;61.9920.0055;ADVANCE TECNOLOGIA;61-98740696;72010014;AL;PENEDO;Treinamento em desenvolvimento profissional e gerencial;42413805000157;MILTONDSW;MILTONDSW@GMAIL.COM
50;3;61.9920.0055;VICTORIACRIISTINA13;61-95889478;72140085;AL;PENEDO;Atividades de estética e outros serviços de cuidados com a beleza;42413805000158;VICTORIACRIISTINA13;VICTORIACRIISTINA8@GMAIL.COM
51;3;61.9920.0055;CAMILLACAPUTO;61-82822835;72016020;AL;PENEDO;Preparação de documentos e serviços especializados de apoio administrativo não especificados anteriormente;42413805000159;CAMILLACAPUTO;CAMILLACAPUTO@OUTLOOK.COM
52;3;61.9920.0055;VICTORIACRIISTINA11;61-95889476;72140083;AL;PENEDO;Atividades de estética e outros serviços de cuidados com a beleza;42413805000160;VICTORIACRIISTINA11;VICTORIACRIISTINA8@GMAIL.COM
53;3;61.9920.0055;CAMILLACAPUTO;61-82822833;72016018;AL;PENEDO;Preparação de documentos e serviços especializados de apoio administrativo não especificados anteriormente;42413805000161;CAMILLACAPUTO;CAMILLACAPUTO@OUTLOOK.COM
54;3;61.9920.0055;LUCASALEXMORAIS;61-96429017;72145763;AL;PENEDO;Reparação e manutenção de computadores e de equipamentos periféricos;42413805000162;LUCASALEXMORAIS;LUCASALEXMORAIS@GMAIL.COM
55;3;61.9920.0055;CONTAX.BSB;61-83852538;72010023;AL;PENEDO;Outras atividades auxiliares dos transportes terrestres não especificadas anteriormente;42413805000163;CONTAX.BSB;CONTAX.BSB@GMAIL.COM
56;3;61.9920.0055;ADVANCE TECNOLOGIA;61-98740695;72010013;AL;PENEDO;Treinamento em desenvolvimento profissional e gerencial;42413805000164;MILTONDSW;MILTONDSW@GMAIL.COM
57;3;61.9920.0055;VICTORIACRIISTINA12;61-95889477;72140084;AL;PENEDO;Atividades de estética e outros serviços de cuidados com a beleza;42413805000165;VICTORIACRIISTINA12;VICTORIACRIISTINA8@GMAIL.COM
58;3;61.9920.0055;CAMILLACAPUTO;61-82822834;72016019;AL;PENEDO;Preparação de documentos e serviços especializados de apoio administrativo não especificados anteriormente;42413805000166;CAMILLACAPUTO;CAMILLACAPUTO@OUTLOOK.COM
59;3;61.9920.0055;LUCASALEXMORAIS;61-96429018;72145764;AL;PENEDO;Reparação e manutenção de computadores e de equipamentos periféricos;42413805000167;LUCASALEXMORAIS;LUCASALEXMORAIS@GMAIL.COM
60;3;61.9920.0055;CONTAX.BSB;61-83852539;72010024;AL;PENEDO;Outras atividades auxiliares dos transportes terrestres não especificadas anteriormente;42413805000168;CONTAX.BSB;CONTAX.BSB@GMAIL.COM
61;3;61.9920.0055;ADVANCE TECNOLOGIA;61-98740696;72010014;AL;PENEDO;Treinamento em desenvolvimento profissional e gerencial;42413805000169;MILTONDSW;MILTONDSW@GMAIL.COM
62;3;61.9920.0055;VICTORIACRIISTINA13;61-95889478;72140085;AL;PENEDO;Atividades de estética e outros serviços de cuidados com a beleza;42413805000170;VICTORIACRIISTINA13;VICTORIACRIISTINA8@GMAIL.COM
63;3;61.9920.0055;CAMILLACAPUTO;61-82822835;72016020;AL;PENEDO;Preparação de documentos e serviços especializados de apoio administrativo não especificados anteriormente;42413805000171;CAMILLACAPUTO;CAMILLACAPUTO@OUTLOOK.COM
64;3;61.9920.0055;LUCASALEXMORAIS;61-96429019;72145765;AL;PENEDO;Reparação e manutenção de computadores e de equipamentos periféricos;42413805000172;LUCASALEXMORAIS;LUCASALEXMORAIS@GMAIL.COM
65;3;61.9920.0055;CONTAX.BSB;61-83852540;72010025;AL;PENEDO;Outras atividades auxiliares dos transportes terrestres não especificadas anteriormente;42413805000173;CONTAX.BSB;CONTAX.BSB@GMAIL.COM
66;3;61.9920.0055;ADVANCE TECNOLOGIA;61-98740697;72010015;AL;PENEDO;Treinamento em desenvolvimento profissional e gerencial;42413805000174;MILTONDSW;MILTONDSW@GMAIL.COM
67;3;61.9920.0055;VICTORIACRIISTINA14;61-95889479;72140086;AL;PENEDO;Atividades de estética e outros serviços de cuidados com a beleza;42413805000175;VICTORIACRIISTINA14;VICTORIACRIISTINA8@GMAIL.COM
68;3;61.9920.0055;CAMILLACAPUTO;61-82822836;72016021;AL;PENEDO;Preparação de documentos e serviços especializados de apoio administrativo não especificados anteriormente;42413805000176;CAMILLACAPUTO;CAMILLACAPUTO@OUTLOOK.COM
69;3;61.9920.0055;VICTORIACRIISTINA12;61-95889477;72140084;AL;PENEDO;Atividades de estética e outros serviços de cuidados com a beleza;42413805000177;VICTORIACRIISTINA12;VICTORIACRIISTINA8@GMAIL.COM
70;3;61.9920.0055;CAMILLACAPUTO;61-82822834;72016019;AL;PENEDO;Preparação de documentos e serviços especializados de apoio administrativo não especificados anteriormente;42413805000178;CAMILLACAPUTO;CAMILLACAPUTO@OUTLOOK.COM
71;3;61.9920.0055;LUCASALEXMORAIS;61-96429018;72145764;AL;PENEDO;Reparação e manutenção de computadores e de equipamentos periféricos;42413805000179;LUCASALEXMORAIS;LUCASALEXMORAIS@GMAIL.COM
72;3;61.9920.0055;CONTAX.BSB;61-83852539;72010024;AL;PENEDO;Outras atividades auxiliares dos transportes terrestres não especificadas anteriormente;42413805000180;CONTAX.BSB;CONTAX.BSB@GMAIL.COM
73;3;61.9920.0055;ADVANCE TECNOLOGIA;61-98740696;72010014;AL;PENEDO;Treinamento em desenvolvimento profissional e gerencial;42413805000181;MILTONDSW;MILTONDSW@GMAIL.COM
74;3;61.9920.0055;VICTORIACRIISTINA13;61-95889478;72140085;AL;PENEDO;Atividades de estética e outros serviços de cuidados com a beleza;42413805000182;VICTORIACRIISTINA13;VICTORIACRIISTINA8@GMAIL.COM
75;3;61.9920.0055;CAMILLACAPUTO;61-82822835;72016020;AL;PENEDO;Preparação de documentos e serviços especializados de apoio administrativo não especificados anteriormente;42413805000183;CAMILLACAPUTO;CAMILLACAPUTO@OUTLOOK.COM
76;3;61.9920.0055;LUCASALEXMORAIS;61-96429019;72145765;AL;PENEDO;Reparação e manutenção de computadores e de equipamentos periféricos;42413805000184;LUCASALEXMORAIS;LUCASALEXMORAIS@GMAIL.COM
77;3;61.9920.0055;CONTAX.BSB;61-83852540;72010025;AL;PENEDO;Outras atividades auxiliares dos transportes terrestres não especificadas anteriormente;42413805000185;CONTAX.BSB;CONTAX.BSB@GMAIL.COM
78;3;61.9920.0055;ADVANCE TECNOLOGIA;61-98740697;72010015;AL;PENEDO;Treinamento em desenvolvimento profissional e gerencial;42413805000186;MILTONDSW;MILTONDSW@GMAIL.COM
79;3;61.9920.0055;VICTORIACRIISTINA14;61-95889479;72140086;AL;PENEDO;Atividades de estética e outros serviços de cuidados com a beleza;42413805000187;VICTORIACRIISTINA14;VICTORIACRIISTINA8@GMAIL.COM
80;3;61.9920.0055;CAMILLACAPUTO;61-82822836;72016021;AL;PENEDO;Preparação de documentos e serviços especializados de apoio administrativo não especificados anteriormente;42413805000188;CAMILLACAPUTO;CAMILLACAPUTO@OUTLOOK.COM
81;3;61.9920.0055;LUCASALEXMORAIS;61-96429020;72145766;AL;PENEDO;Reparação e manutenção de computadores e de equipamentos periféricos;42413805000189;LUCASALEXMORAIS;LUCASALEXMORAIS@GMAIL.COM
82;3;61.9920.0055;CONTAX.BSB;61-83852541;72010026;AL;PENEDO;Outras atividades auxiliares dos transportes terrestres não especificadas anteriormente;42413805000190;CONTAX.BSB;CONTAX.BSB@GMAIL.COM
83;3;61.9920.0055;ADVANCE TECNOLOGIA;61-98740698;72010016;AL;PENEDO;Treinamento em desenvolvimento profissional e gerencial;42413805000191;MILTONDSW;MILTONDSW@GMAIL.COM
84;3;61.9920.0055;VICTORIACRIISTINA15;61-95889480;72140087;AL;PENEDO;Atividades de estética e outros serviços de cuidados com a beleza;42413805000192;VICTORIACRIISTINA15;VICTORIACRIISTINA8@GMAIL.COM
85;3;61.9920.0055;CAMILLACAPUTO;61-82822837;72016022;AL;PENEDO;Preparação de documentos e serviços especializados de apoio administrativo não especificados anteriormente;42413805000193;CAMILLACAPUTO;CAMILLACAPUTO@OUTLOOK.COM
86;3;61.9920.0055;VICTORIACRIISTINA13;61-95889478;72140085;AL;PENEDO;Atividades de estética e outros serviços de cuidados com a beleza;42413805000194;VICTORIACRIISTINA13;VICTORIACRIISTINA8@GMAIL.COM
87;3;61.9920.0055;CAMILLACAPUTO;61-82822835;72016020;AL;PENEDO;Preparação de documentos e serviços especializados de apoio administrativo não especificados anteriormente;42413805000195;CAMILLACAPUTO;CAMILLACAPUTO@OUTLOOK.COM
88;3;61.9920.0055;LUCASALEXMORAIS;61-96429019;72145765;AL;PENEDO;Reparação e manutenção de computadores e de equipamentos periféricos;42413805000196;LUCASALEXMORAIS;LUCASALEXMORAIS@GMAIL.COM
89;3;61.9920.0055;CONTAX.BSB;61-83852540;72010025;AL;PENEDO;Outras atividades auxiliares dos transportes terrestres não especificadas anteriormente;42413805000197;CONTAX.BSB;CONTAX.BSB@GMAIL.COM
90;3;61.9920.0055;ADVANCE TECNOLOGIA;61-98740697;72010015;AL;PENEDO;Treinamento em desenvolvimento profissional e gerencial;42413805000198;MILTONDSW;MILTONDSW@GMAIL.COM
91;3;61.9920.0055;VICTORIACRIISTINA14;61-95889479;72140086;AL;PENEDO;Atividades de estética e outros serviços de cuidados com a beleza;42413805000199;VICTORIACRIISTINA14;VICTORIACRIISTINA8@GMAIL.COM
92;3;61.9920.0055;CAMILLACAPUTO;61-82822836;72016021;AL;PENEDO;Preparação de documentos e serviços especializados de apoio administrativo não especificados anteriormente;42413805000200;CAMILLACAPUTO;CAMILLACAPUTO@OUTLOOK.COM
93;3;61.9920.0055;LUCASALEXMORAIS;61-96429020;72145766;AL;PENEDO;Reparação e manutenção de computadores e de equipamentos periféricos;42413805000201;LUCASALEXMORAIS;LUCASALEXMORAIS@GMAIL.COM
94;3;61.9920.0055;CONTAX.BSB;61-83852541;72010026;AL;PENEDO;Outras atividades auxiliares dos transportes terrestres não especificadas anteriormente;42413805000202;CONTAX.BSB;CONTAX.BSB@GMAIL.COM
95;3;61.9920.0055;ADVANCE TECNOLOGIA;61-98740698;72010016;AL;PENEDO;Treinamento em desenvolvimento profissional e gerencial;42413805000203;MILTONDSW;MILTONDSW@GMAIL.COM
96;3;61.9920.0055;VICTORIACRIISTINA15;61-95889480;72140087;AL;PENEDO;Atividades de estética e outros serviços de cuidados com a beleza;42413805000204;VICTORIACRIISTINA15;VICTORIACRIISTINA8@GMAIL.COM
97;3;61.9920.0055;CAMILLACAPUTO;61-82822837;72016022;AL;PENEDO;Preparação de documentos e serviços especializados de apoio administrativo não especificados anteriormente;42413805000205;CAMILLACAPUTO;CAMILLACAPUTO@OUTLOOK.COM
98;3;61.9920.0055;LUCASALEXMORAIS;61-96429021;72145767;AL;PENEDO;Reparação e manutenção de computadores e de equipamentos periféricos;42413805000206;LUCASALEXMORAIS;LUCASALEXMORAIS@GMAIL.COM
99;3;61.9920.0055;CONTAX.BSB;61-83852542;72010027;AL;PENEDO;Outras atividades auxiliares dos transportes terrestres não especificadas anteriormente;42413805000207;CONTAX.BSB;CONTAX.BSB@GMAIL.COM
100;3;61.9920.0055;ADVANCE TECNOLOGIA;61-98740699;72010017;AL;PENEDO;Treinamento em desenvolvimento profissional e gerencial;42413805000208;MILTONDSW;MILTONDSW@GMAIL.COM
101;3;61.9920.0055;VICTORIACRIISTINA16;61-95889481;72140088;AL;PENEDO;Atividades de estética e outros serviços de cuidados com a beleza;42413805000209;VICTORIACRIISTINA16;VICTORIACRIISTINA8@GMAIL.COM
102;3;61.9920.0055;CAMILLACAPUTO;61-82822838;72016023;AL;PENEDO;Preparação de documentos e serviços especializados de apoio administrativo não especificados anteriormente;42413805000210;CAMILLACAPUTO;CAMILLACAPUTO@OUTLOOK.COM
103;3;61.9920.0055;VICTORIACRIISTINA14;61-95889479;72140086;AL;PENEDO;Atividades de estética e outros serviços de cuidados com a beleza;42413805000211;VICTORIACRIISTINA14;VICTORIACRIISTINA8@GMAIL.COM
104;3;61.9920.0055;CAMILLACAPUTO;61-82822836;72016021;AL;PENEDO;Preparação de documentos e serviços especializados de apoio administrativo não especificados anteriormente;42413805000212;CAMILLACAPUTO;CAMILLACAPUTO@OUTLOOK.COM
105;3;61.9920.0055;LUCASALEXMORAIS;61-96429020;72145766;AL;PENEDO;Reparação e manutenção de computadores e de equipamentos periféricos;42413805000213;LUCASALEXMORAIS;LUCASALEXMORAIS@GMAIL.COM
106;3;61.9920.0055;CONTAX.BSB;61-83852541;72010026;AL;PENEDO;Outras atividades auxiliares dos transportes terrestres não especificadas anteriormente;42413805000214;CONTAX.BSB;CONTAX.BSB@GMAIL.COM
107;3;61.9920.0055;ADVANCE TECNOLOGIA;61-98740698;72010016;AL;PENEDO;Treinamento em desenvolvimento profissional e gerencial;42413805000215;MILTONDSW;MILTONDSW@GMAIL.COM
108;3;61.9920.0055;VICTORIACRIISTINA15;61-95889480;72140087;AL;PENEDO;Atividades de estética e outros serviços de cuidados com a beleza;42413805000216;VICTORIACRIISTINA15;VICTORIACRIISTINA8@GMAIL.COM
109;3;61.9920.0055;CAMILLACAPUTO;61-82822837;72016022;AL;PENEDO;Preparação de documentos e serviços especializados de apoio administrativo não especificados anteriormente;42413805000217;CAMILLACAPUTO;CAMILLACAPUTO@OUTLOOK.COM
110;3;61.9920.0055;LUCASALEXMORAIS;61-96429021;72145767;AL;PENEDO;Reparação e manutenção de computadores e de equipamentos periféricos;42413805000218;LUCASALEXMORAIS;LUCASALEXMORAIS@GMAIL.COM
111;3;61.9920.0055;CONTAX.BSB;61-83852542;72010027;AL;PENEDO;Outras atividades auxiliares dos transportes terrestres não especificadas anteriormente;42413805000219;CONTAX.BSB;CONTAX.BSB@GMAIL.COM
112;3;61.9920.0055;ADVANCE TECNOLOGIA;61-98740699;72010017;AL;PENEDO;Treinamento em desenvolvimento profissional e gerencial;42413805000220;MILTONDSW;MILTONDSW@GMAIL.COM
113;3;61.9920.0055;VICTORIACRIISTINA16;61-95889481;72140088;AL;PENEDO;Atividades de estética e outros serviços de cuidados com a beleza;42413805000221;VICTORIACRIISTINA16;VICTORIACRIISTINA8@GMAIL.COM
114;3;61.9920.0055;CAMILLACAPUTO;61-82822838;72016023;AL;PENEDO;Preparação de documentos e serviços especializados de apoio administrativo não especificados anteriormente;42413805000222;CAMILLACAPUTO;CAMILLACAPUTO@OUTLOOK.COM
115;3;61.9920.0055;LUCASALEXMORAIS;61-96429022;72145768;AL;PENEDO;Reparação e manutenção de computadores e de equipamentos periféricos;42413805000223;LUCASALEXMORAIS;LUCASALEXMORAIS@GMAIL.COM
116;3;61.9920.0055;CONTAX.BSB;61-83852543;72010028;AL;PENEDO;Outras atividades auxiliares dos transportes terrestres não especificadas anteriormente;42413805000224;CONTAX.BSB;CONTAX.BSB@GMAIL.COM
117;3;61.9920.0055;ADVANCE TECNOLOGIA;61-98740700;72010018;AL;PENEDO;Treinamento em desenvolvimento profissional e gerencial;42413805000225;MILTONDSW;MILTONDSW@GMAIL.COM
118;3;61.9920.0055;VICTORIACRIISTINA17;61-95889482;72140089;AL;PENEDO;Atividades de estética e outros serviços de cuidados com a beleza;42413805000226;VICTORIACRIISTINA17;VICTORIACRIISTINA8@GMAIL.COM
119;3;61.9920.0055;CAMILLACAPUTO;61-82822839;72016024;AL;PENEDO;Preparação de documentos e serviços especializados de apoio administrativo não especificados anteriormente;42413805000227;CAMILLACAPUTO;CAMILLACAPUTO@OUTLOOK.COM
120;3;61.9920.0055;VICTORIACRIISTINA15;61-95889480;72140087;AL;PENEDO;Atividades de estética e outros serviços de cuidados com a beleza;42413805000228;VICTORIACRIISTINA15;VICTORIACRIISTINA8@GMAIL.COM
121;3;61.9920.0055;CAMILLACAPUTO;61-82822837;72016022;AL;PENEDO;Preparação de documentos e serviços especializados de apoio administrativo não especificados anteriormente;42413805000229;CAMILLACAPUTO;CAMILLACAPUTO@OUTLOOK.COM
122;3;61.9920.0055;LUCASALEXMORAIS;61-96429021;72145767;AL;PENEDO;Reparação e manutenção de computadores e de equipamentos periféricos;42413805000230;LUCASALEXMORAIS;LUCASALEXMORAIS@GMAIL.COM
123;3;61.9920.0055;CONTAX.BSB;61-83852542;72010027;AL;PENEDO;Outras atividades auxiliares dos transportes terrestres não especificadas anteriormente;42413805000231;CONTAX.BSB;CONTAX.BSB@GMAIL.COM
124;3;61.9920.0055;ADVANCE TECNOLOGIA;61-98740699;72010017;AL;PENEDO;Treinamento em desenvolvimento profissional e gerencial;42413805000232;MILTONDSW;MILTONDSW@GMAIL.COM
125;3;61.9920.0055;VICTORIACRIISTINA16;61-95889481;72140088;AL;PENEDO;Atividades de estética e outros serviços de cuidados com a beleza;42413805000233;VICTORIACRIISTINA16;VICTORIACRIISTINA8@GMAIL.COM
126;3;61.9920.0055;CAMILLACAPUTO;61-82822838;72016023;AL;PENEDO;Preparação de documentos e serviços especializados de apoio administrativo não especificados anteriormente;42413805000234;CAMILLACAPUTO;CAMILLACAPUTO@OUTLOOK.COM
127;3;61.9920.0055;LUCASALEXMORAIS;61-96429022;72145768;AL;PENEDO;Reparação e manutenção de computadores e de equipamentos periféricos;42413805000235;LUCASALEXMORAIS;LUCASALEXMORAIS@GMAIL.COM
128;3;61.9920.0055;CONTAX.BSB;61-83852543;72010028;AL;PENEDO;Outras atividades auxiliares dos transportes terrestres não especificadas anteriormente;42413805000236;CONTAX.BSB;CONTAX.BSB@GMAIL.COM
129;3;61.9920.0055;ADVANCE TECNOLOGIA;61-98740700;72010018;AL;PENEDO;Treinamento em desenvolvimento profissional e gerencial;42413805000237;MILTONDSW;MILTONDSW@GMAIL.COM
130;3;61.9920.0055;VICTORIACRIISTINA17;61-95889482;72140089;AL;PENEDO;Atividades de estética e outros serviços de cuidados com a beleza;42413805000238;VICTORIACRIISTINA17;VICTORIACRIISTINA8@GMAIL.COM
131;3;61.9920.0055;CAMILLACAPUTO;61-82822839;72016024;AL;PENEDO;Preparação de documentos e serviços especializados de apoio administrativo não especificados anteriormente;42413805000239;CAMILLACAPUTO;CAMILLACAPUTO@OUTLOOK.COM
132;3;61.9920.0055;LUCASALEXMORAIS;61-96429023;72145769;AL;PENEDO;Reparação e manutenção de computadores e de equipamentos periféricos;42413805000240;LUCASALEXMORAIS;LUCASALEXMORAIS@GMAIL.COM
133;3;61.9920.0055;CONTAX.BSB;61-83852544;72010029;AL;PENEDO;Outras atividades auxiliares dos transportes terrestres não especificadas anteriormente;42413805000241;CONTAX.BSB;CONTAX.BSB@GMAIL.COM
134;3;61.9920.0055;ADVANCE TECNOLOGIA;61-98740701;72010019;AL;PENEDO;Treinamento em desenvolvimento profissional e gerencial;42413805000242;MILTONDSW;MILTONDSW@GMAIL.COM
135;3;61.9920.0055;VICTORIACRIISTINA18;61-95889483;72140090;AL;PENEDO;Atividades de estética e outros serviços de cuidados com a beleza;42413805000243;VICTORIACRIISTINA18;VICTORIACRIISTINA8@GMAIL.COM
136;3;61.9920.0055;CAMILLACAPUTO;61-82822840;72016025;AL;PENEDO;Preparação de documentos e serviços especializados de apoio administrativo não especificados anteriormente;42413805000244;CAMILLACAPUTO;CAMILLACAPUTO@OUTLOOK.COM
137;3;61.9920.0055;VICTORIACRIISTINA16;61-95889481;72140088;AL;PENEDO;Atividades de estética e outros serviços de cuidados com a beleza;42413805000245;VICTORIACRIISTINA16;VICTORIACRIISTINA8@GMAIL.COM
138;3;61.9920.0055;CAMILLACAPUTO;61-82822838;72016023;AL;PENEDO;Preparação de documentos e serviços especializados de apoio administrativo não especificados anteriormente;42413805000246;CAMILLACAPUTO;CAMILLACAPUTO@OUTLOOK.COM
139;3;61.9920.0055;LUCASALEXMORAIS;61-96429022;72145768;AL;PENEDO;Reparação e manutenção de computadores e de equipamentos periféricos;42413805000247;LUCASALEXMORAIS;LUCASALEXMORAIS@GMAIL.COM
140;3;61.9920.0055;CONTAX.BSB;61-83852543;72010028;AL;PENEDO;Outras atividades auxiliares dos transportes terrestres não especificadas anteriormente;42413805000248;CONTAX.BSB;CONTAX.BSB@GMAIL.COM
141;3;61.9920.0055;ADVANCE TECNOLOGIA;61-98740700;72010018;AL;PENEDO;Treinamento em desenvolvimento profissional e gerencial;42413805000249;MILTONDSW;MILTONDSW@GMAIL.COM
142;3;61.9920.0055;VICTORIACRIISTINA17;61-95889482;72140089;AL;PENEDO;Atividades de estética e outros serviços de cuidados com a beleza;42413805000250;VICTORIACRIISTINA17;VICTORIACRIISTINA8@GMAIL.COM
143;3;61.9920.0055;CAMILLACAPUTO;61-82822839;72016024;AL;PENEDO;Preparação de documentos e serviços especializados de apoio administrativo não especificados anteriormente;42413805000251;CAMILLACAPUTO;CAMILLACAPUTO@OUTLOOK.COM
144;3;61.9920.0055;LUCASALEXMORAIS;61-96429023;72145769;AL;PENEDO;Reparação e manutenção de computadores e de equipamentos periféricos;42413805000252;LUCASALEXMORAIS;LUCASALEXMORAIS@GMAIL.COM
145;3;61.9920.0055;CONTAX.BSB;61-83852544;72010029;AL;PENEDO;Outras atividades auxiliares dos transportes terrestres não especificadas anteriormente;42413805000253;CONTAX.BSB;CONTAX.BSB@GMAIL.COM
146;3;61.9920.0055;ADVANCE TECNOLOGIA;61-98740701;72010019;AL;PENEDO;Treinamento em desenvolvimento profissional e gerencial;42413805000254;MILTONDSW;MILTONDSW@GMAIL.COM
147;3;61.9920.0055;VICTORIACRIISTINA18;61-95889483;72140090;AL;PENEDO;Atividades de estética e outros serviços de cuidados com a beleza;42413805000255;VICTORIACRIISTINA18;VICTORIACRIISTINA8@GMAIL.COM
148;3;61.9920.0055;CAMILLACAPUTO;61-82822840;72016025;AL;PENEDO;Preparação de documentos e serviços especializados de apoio administrativo não especificados anteriormente;42413805000256;CAMILLACAPUTO;CAMILLACAPUTO@OUTLOOK.COM
149;3;61.9920.0055;LUCASALEXMORAIS;61-96429024;72145770;AL;PENEDO;Reparação e manutenção de computadores e de equipamentos periféricos;42413805000257;LUCASALEXMORAIS;LUCASALEXMORAIS@GMAIL.COM
150;3;61.9920.0055;CONTAX.BSB;61-83852545;72010030;AL;PENEDO;Outras atividades auxiliares dos transportes terrestres não especificadas anteriormente;42413805000258;CONTAX.BSB;CONTAX.BSB@GMAIL.COM
151;3;61.9920.0055;ADVANCE TECNOLOGIA;61-98740702;72010020;AL;PENEDO;Treinamento em desenvolvimento profissional e gerencial;42413805000259;MILTONDSW;MILTONDSW@GMAIL.COM
152;3;61.9920.0055;VICTORIACRIISTINA19;61-95889484;72140091;AL;PENEDO;Atividades de estética e outros serviços de cuidados com a beleza;42413805000260;VICTORIACRIISTINA19;VICTORIACRIISTINA8@GMAIL.COM
153;3;61.9920.0055;CAMILLACAPUTO;61-82822841;72016026;AL;PENEDO;Preparação de documentos e serviços especializados de apoio administrativo não especificados anteriormente;42413805000261;CAMILLACAPUTO;CAMILLACAPUTO@OUTLOOK.COM
154;3;61.9920.0055;VICTORIACRIISTINA17;61-95889482;72140089;AL;PENEDO;Atividades de estética e outros serviços de cuidados com a beleza;42413805000262;VICTORIACRIISTINA17;VICTORIACRIISTINA8@GMAIL.COM
155;3;61.9920.0055;CAMILLACAPUTO;61-82822839;72016024;AL;PENEDO;Preparação de documentos e serviços especializados de apoio administrativo não especificados anteriormente;42413805000263;CAMILLACAPUTO;CAMILLACAPUTO@OUTLOOK.COM
156;3;61.9920.0055;LUCASALEXMORAIS;61-96429023;72145769;AL;PENEDO;Reparação e manutenção de computadores e de equipamentos periféricos;42413805000264;LUCASALEXMORAIS;LUCASALEXMORAIS@GMAIL.COM
157;3;61.9920.0055;CONTAX.BSB;61-83852544;72010029;AL;PENEDO;Outras atividades auxiliares dos transportes terrestres não especificadas anteriormente;42413805000265;CONTAX.BSB;CONTAX.BSB@GMAIL.COM
158;3;61.9920.0055;ADVANCE TECNOLOGIA;61-98740701;72010019;AL;PENEDO;Treinamento em desenvolvimento profissional e gerencial;42413805000266;MILTONDSW;MILTONDSW@GMAIL.COM
159;3;61.9920.0055;VICTORIACRIISTINA18;61-95889483;72140090;AL;PENEDO;Atividades de estética e outros serviços de cuidados com a beleza;42413805000267;VICTORIACRIISTINA18;VICTORIACRIISTINA8@GMAIL.COM
160;3;61.9920.0055;CAMILLACAPUTO;61-82822840;72016025;AL;PENEDO;Preparação de documentos e serviços especializados de apoio administrativo não especificados anteriormente;42413805000268;CAMILLACAPUTO;CAMILLACAPUTO@OUTLOOK.COM
161;3;61.9920.0055;LUCASALEXMORAIS;61-96429024;72145770;AL;PENEDO;Reparação e manutenção de computadores e de equipamentos periféricos;42413805000269;LUCASALEXMORAIS;LUCASALEXMORAIS@GMAIL.COM
162;3;61.9920.0055;CONTAX.BSB;61-83852545;72010030;AL;PENEDO;Outras atividades auxiliares dos transportes terrestres não especificadas anteriormente;42413805000270;CONTAX.BSB;CONTAX.BSB@GMAIL.COM
163;3;61.9920.0055;ADVANCE TECNOLOGIA;61-98740702;72010020;AL;PENEDO;Treinamento em desenvolvimento profissional e gerencial;42413805000271;MILTONDSW;MILTONDSW@GMAIL.COM
164;3;61.9920.0055;VICTORIACRIISTINA19;61-95889484;72140091;AL;PENEDO;Atividades de estética e outros serviços de cuidados com a beleza;42413805000272;VICTORIACRIISTINA19;VICTORIACRIISTINA8@GMAIL.COM
165;3;61.9920.0055;CAMILLACAPUTO;61-82822841;72016026;AL;PENEDO;Preparação de documentos e serviços especializados de apoio administrativo não especificados anteriormente;42413805000273;CAMILLACAPUTO;CAMILLACAPUTO@OUTLOOK.COM
166;3;61.9920.0055;LUCASALEXMORAIS;61-96429025;72145771;AL;PENEDO;Reparação e manutenção de computadores e de equipamentos periféricos;42413805000274;LUCASALEXMORAIS;LUCASALEXMORAIS@GMAIL.COM
167;3;61.9920.0055;CONTAX.BSB;61-83852546;72010031;AL;PENEDO;Outras atividades auxiliares dos transportes terrestres não especificadas anteriormente;42413805000275;CONTAX.BSB;CONTAX.BSB@GMAIL.COM
168;3;61.9920.0055;ADVANCE TECNOLOGIA;61-98740703;72010021;AL;PENEDO;Treinamento em desenvolvimento profissional e gerencial;42413805000276;MILTONDSW;MILTONDSW@GMAIL.COM
169;3;61.9920.0055;VICTORIACRIISTINA20;61-95889485;72140092;AL;PENEDO;Atividades de estética e outros serviços de cuidados com a beleza;42413805000277;VICTORIACRIISTINA20;VICTORIACRIISTINA8@GMAIL.COM
170;3;61.9920.0055;CAMILLACAPUTO;61-82822842;72016027;AL;PENEDO;Preparação de documentos e serviços especializados de apoio administrativo não especificados anteriormente;42413805000278;CAMILLACAPUTO;CAMILLACAPUTO@OUTLOOK.COM
171;3;61.9920.0055;VICTORIACRIISTINA18;61-95889483;72140090;AL;PENEDO;Atividades de estética e outros serviços de cuidados com a beleza;42413805000279;VICTORIACRIISTINA18;VICTORIACRIISTINA8@GMAIL.COM
172;3;61.9920.0055;CAMILLACAPUTO;61-82822840;72016025;AL;PENEDO;Preparação de documentos e serviços especializados de apoio administrativo não especificados anteriormente;42413805000280;CAMILLACAPUTO;CAMILLACAPUTO@OUTLOOK.COM
173;3;61.9920.0055;LUCASALEXMORAIS;61-96429024;72145770;AL;PENEDO;Reparação e manutenção de computadores e de equipamentos periféricos;42413805000281;LUCASALEXMORAIS;LUCASALEXMORAIS@GMAIL.COM
174;3;61.9920.0055;CONTAX.BSB;61-83852545;72010030;AL;PENEDO;Outras atividades auxiliares dos transportes terrestres não especificadas anteriormente;42413805000282;CONTAX.BSB;CONTAX.BSB@GMAIL.COM
175;3;61.9920.0055;ADVANCE TECNOLOGIA;61-98740702;72010020;AL;PENEDO;Treinamento em desenvolvimento profissional e gerencial;42413805000283;MILTONDSW;MILTONDSW@GMAIL.COM
176;3;61.9920.0055;VICTORIACRIISTINA19;61-95889484;72140091;AL;PENEDO;Atividades de estética e outros serviços de cuidados com a beleza;42413805000284;VICTORIACRIISTINA19;VICTORIACRIISTINA8@GMAIL.COM
177;3;61.9920.0055;CAMILLACAPUTO;61-82822841;72016026;AL;PENEDO;Preparação de documentos e serviços especializados de apoio administrativo não especificados anteriormente;42413805000285;CAMILLACAPUTO;CAMILLACAPUTO@OUTLOOK.COM
178;3;61.9920.0055;LUCASALEXMORAIS;61-96429025;72145771;AL;PENEDO;Reparação e manutenção de computadores e de equipamentos periféricos;42413805000286;LUCASALEXMORAIS;LUCASALEXMORAIS@GMAIL.COM
179;3;61.9920.0055;CONTAX.BSB;61-83852546;72010031;AL;PENEDO;Outras atividades auxiliares dos transportes terrestres não especificadas anteriormente;42413805000287;CONTAX.BSB;CONTAX.BSB@GMAIL.COM
180;3;61.9920.0055;ADVANCE TECNOLOGIA;61-98740703;72010021;AL;PENEDO;Treinamento em desenvolvimento profissional e gerencial;42413805000288;MILTONDSW;MILTONDSW@GMAIL.COM
181;3;61.9920.0055;VICTORIACRIISTINA20;61-95889485;72140092;AL;PENEDO;Atividades de estética e outros serviços de cuidados com a beleza;42413805000289;VICTORIACRIISTINA20;VICTORIACRIISTINA8@GMAIL.COM
182;3;61.9920.0055;CAMILLACAPUTO;61-82822842;72016027;AL;PENEDO;Preparação de documentos e serviços especializados de apoio administrativo não especificados anteriormente;42413805000290;CAMILLACAPUTO;CAMILLACAPUTO@OUTLOOK.COM
183;3;61.9920.0055;LUCASALEXMORAIS;61-96429026;72145772;AL;PENEDO;Reparação e manutenção de computadores e de equipamentos periféricos;42413805000291;LUCASALEXMORAIS;LUCASALEXMORAIS@GMAIL.COM
184;3;61.9920.0055;CONTAX.BSB;61-83852547;72010032;AL;PENEDO;Outras atividades auxiliares dos transportes terrestres não especificadas anteriormente;42413805000292;CONTAX.BSB;CONTAX.BSB@GMAIL.COM
185;3;61.9920.0055;ADVANCE TECNOLOGIA;61-98740704;72010022;AL;PENEDO;Treinamento em desenvolvimento profissional e gerencial;42413805000293;MILTONDSW;MILTONDSW@GMAIL.COM
186;3;61.9920.0055;VICTORIACRIISTINA21;61-95889486;72140093;AL;PENEDO;Atividades de estética e outros serviços de cuidados com a beleza;42413805000294;VICTORIACRIISTINA21;VICTORIACRIISTINA8@GMAIL.COM
187;3;61.9920.0055;CAMILLACAPUTO;61-82822843;72016028;AL;PENEDO;Preparação de documentos e serviços especializados de apoio administrativo não especificados anteriormente;42413805000295;CAMILLACAPUTO;CAMILLACAPUTO@OUTLOOK.COM
188;3;61.9920.0055;VICTORIACRIISTINA19;61-95889484;72140091;AL;PENEDO;Atividades de estética e outros serviços de cuidados com a beleza;42413805000296;VICTORIACRIISTINA19;VICTORIACRIISTINA8@GMAIL.COM
189;3;61.9920.0055;CAMILLACAPUTO;61-82822841;72016026;AL;PENEDO;Preparação de documentos e serviços especializados de apoio administrativo não especificados anteriormente;42413805000297;CAMILLACAPUTO;CAMILLACAPUTO@OUTLOOK.COM
190;3;61.9920.0055;LUCASALEXMORAIS;61-96429025;72145771;AL;PENEDO;Reparação e manutenção de computadores e de equipamentos periféricos;42413805000298;LUCASALEXMORAIS;LUCASALEXMORAIS@GMAIL.COM
191;3;61.9920.0055;CONTAX.BSB;61-83852546;72010031;AL;PENEDO;Outras atividades auxiliares dos transportes terrestres não especificadas anteriormente;42413805000299;CONTAX.BSB;CONTAX.BSB@GMAIL.COM
192;3;61.9920.0055;ADVANCE TECNOLOGIA;61-98740703;72010021;AL;PENEDO;Treinamento em desenvolvimento profissional e gerencial;42413805000300;MILTONDSW;MILTONDSW@GMAIL.COM
193;3;61.9920.0055;VICTORIACRIISTINA20;61-95889485;72140092;AL;PENEDO;Atividades de estética e outros serviços de cuidados com a beleza;42413805000301;VICTORIACRIISTINA20;VICTORIACRIISTINA8@GMAIL.COM
194;3;61.9920.0055;CAMILLACAPUTO;61-82822842;72016027;AL;PENEDO;Preparação de documentos e serviços especializados de apoio administrativo não especificados anteriormente;42413805000302;CAMILLACAPUTO;CAMILLACAPUTO@OUTLOOK.COM
195;3;61.9920.0055;LUCASALEXMORAIS;61-96429026;72145772;AL;PENEDO;Reparação e manutenção de computadores e de equipamentos periféricos;42413805000303;LUCASALEXMORAIS;LUCASALEXMORAIS@GMAIL.COM
196;3;61.9920.0055;CONTAX.BSB;61-83852547;72010032;AL;PENEDO;Outras atividades auxiliares dos transportes terrestres não especificadas anteriormente;42413805000304;CONTAX.BSB;CONTAX.BSB@GMAIL.COM
197;3;61.9920.0055;ADVANCE TECNOLOGIA;61-98740704;72010022;AL;PENEDO;Treinamento em desenvolvimento profissional e gerencial;42413805000305;MILTONDSW;MILTONDSW@GMAIL.COM
198;3;61.9920.0055;VICTORIACRIISTINA21;61-95889486;72140093;AL;PENEDO;Atividades de estética e outros serviços de cuidados com a beleza;42413805000306;VICTORIACRIISTINA21;VICTORIACRIISTINA8@GMAIL.COM
199;3;61.9920.0055;CAMILLACAPUTO;61-82822843;72016028;AL;PENEDO;Preparação de documentos e serviços especializados de apoio administrativo não especificados anteriormente;42413805000307;CAMILLACAPUTO;CAMILLACAPUTO@OUTLOOK.COM
200;3;61.9920.0055;LUCASALEXMORAIS;61-96429027;72145773;AL;PENEDO;Reparação e manutenção de computadores e de equipamentos periféricos;42413805000308;LUCASALEXMORAIS;LUCASALEXMORAIS@GMAIL.COM
201;3;61.9920.0055;CONTAX.BSB;61-83852548;72010033;AL;PENEDO;Outras atividades auxiliares dos transportes terrestres não especificadas anteriormente;42413805000309;CONTAX.BSB;CONTAX.BSB@GMAIL.COM
202;3;61.9920.0055;ADVANCE TECNOLOGIA;61-98740705;72010023;AL;PENEDO;Treinamento em desenvolvimento profissional e gerencial;42413805000310;MILTONDSW;MILTONDSW@GMAIL.COM
203;3;61.9920.0055;VICTORIACRIISTINA22;61-95889487;72140094;AL;PENEDO;Atividades de estética e outros serviços de cuidados com a beleza;42413805000311;VICTORIACRIISTINA22;VICTORIACRIISTINA8@GMAIL.COM
204;3;61.9920.0055;CAMILLACAPUTO;61-82822844;72016029;AL;PENEDO;Preparação de documentos e serviços especializados de apoio administrativo não especificados anteriormente;42413805000312;CAMILLACAPUTO;CAMILLACAPUTO@OUTLOOK.COM
205;3;61.9920.0055;VICTORIACRIISTINA20;61-95889485;72140092;AL;PENEDO;Atividades de estética e outros serviços de cuidados com a beleza;42413805000313;VICTORIACRIISTINA20;VICTORIACRIISTINA8@GMAIL.COM
206;3;61.9920.0055;CAMILLACAPUTO;61-82822842;72016027;AL;PENEDO;Preparação de documentos e serviços especializados de apoio administrativo não especificados anteriormente;42413805000314;CAMILLACAPUTO;CAMILLACAPUTO@OUTLOOK.COM
207;3;61.9920.0055;LUCASALEXMORAIS;61-96429026;72145772;AL;PENEDO;Reparação e manutenção de computadores e de equipamentos periféricos;42413805000315;LUCASALEXMORAIS;LUCASALEXMORAIS@GMAIL.COM
208;3;61.9920.0055;CONTAX.BSB;61-83852547;72010032;AL;PENEDO;Outras atividades auxiliares dos transportes terrestres não especificadas anteriormente;42413805000316;CONTAX.BSB;CONTAX.BSB@GMAIL.COM
209;3;61.9920.0055;ADVANCE TECNOLOGIA;61-98740704;72010022;AL;PENEDO;Treinamento em desenvolvimento profissional e gerencial;42413805000317;MILTONDSW;MILTONDSW@GMAIL.COM
210;3;61.9920.0055;VICTORIACRIISTINA21;61-95889486;72140093;AL;PENEDO;Atividades de estética e outros serviços de cuidados com a beleza;42413805000318;VICTORIACRIISTINA21;VICTORIACRIISTINA8@GMAIL.COM
211;3;61.9920.0055;CAMILLACAPUTO;61-82822843;72016028;AL;PENEDO;Preparação de documentos e serviços especializados de apoio administrativo não especificados anteriormente;42413805000319;CAMILLACAPUTO;CAMILLACAPUTO@OUTLOOK.COM
212;3;61.9920.0055;LUCASALEXMORAIS;61-96429027;72145773;AL;PENEDO;Reparação e manutenção de computadores e de equipamentos periféricos;42413805000320;LUCASALEXMORAIS;LUCASALEXMORAIS@GMAIL.COM
213;3;61.9920.0055;CONTAX.BSB;61-83852548;72010033;AL;PENEDO;Outras atividades auxiliares dos transportes terrestres não especificadas anteriormente;42413805000321;CONTAX.BSB;CONTAX.BSB@GMAIL.COM
214;3;61.9920.0055;ADVANCE TECNOLOGIA;61-98740705;72010023;AL;PENEDO;Treinamento em desenvolvimento profissional e gerencial;42413805000322;MILTONDSW;MILTONDSW@GMAIL.COM
215;3;61.9920.0055;VICTORIACRIISTINA22;61-95889487;72140094;AL;PENEDO;Atividades de estética e outros serviços de cuidados com a beleza;42413805000323;VICTORIACRIISTINA22;VICTORIACRIISTINA8@GMAIL.COM
216;3;61.9920.0055;CAMILLACAPUTO;61-82822844;72016029;AL;PENEDO;Preparação de documentos e serviços especializados de apoio administrativo não especificados anteriormente;42413805000324;CAMILLACAPUTO;CAMILLACAPUTO@OUTLOOK.COM
217;3;61.9920.0055;LUCASALEXMORAIS;61-96429028;72145774;AL;PENEDO;Reparação e manutenção de computadores e de equipamentos periféricos;42413805000325;LUCASALEXMORAIS;LUCASALEXMORAIS@GMAIL.COM
218;3;61.9920.0055;CONTAX.BSB;61-83852549;72010034;AL;PENEDO;Outras atividades auxiliares dos transportes terrestres não especificadas anteriormente;42413805000326;CONTAX.BSB;CONTAX.BSB@GMAIL.COM
219;3;61.9920.0055;ADVANCE TECNOLOGIA;61-98740706;72010024;AL;PENEDO;Treinamento em desenvolvimento profissional e gerencial;42413805000327;MILTONDSW;MILTONDSW@GMAIL.COM
220;3;61.9920.0055;VICTORIACRIISTINA23;61-95889488;72140095;AL;PENEDO;Atividades de estética e outros serviços de cuidados com a beleza;42413805000328;VICTORIACRIISTINA23;VICTORIACRIISTINA8@GMAIL.COM
221;3;61.9920.0055;CAMILLACAPUTO;61-82822845;72016030;AL;PENEDO;Preparação de documentos e serviços especializados de apoio administrativo não especificados anteriormente;42413805000329;CAMILLACAPUTO;CAMILLACAPUTO@OUTLOOK.COM
222;3;61.9920.0055;VICTORIACRIISTINA21;61-95889486;72140093;AL;PENEDO;Atividades de estética e outros serviços de cuidados com a beleza;42413805000330;VICTORIACRIISTINA21;VICTORIACRIISTINA8@GMAIL.COM
223;3;61.9920.0055;CAMILLACAPUTO;61-82822843;72016028;AL;PENEDO;Preparação de documentos e serviços especializados de apoio administrativo não especificados anteriormente;42413805000331;CAMILLACAPUTO;CAMILLACAPUTO@OUTLOOK.COM
224;3;61.9920.0055;LUCASALEXMORAIS;61-96429027;72145773;AL;PENEDO;Reparação e manutenção de computadores e de equipamentos periféricos;42413805000332;LUCASALEXMORAIS;LUCASALEXMORAIS@GMAIL.COM
225;3;61.9920.0055;CONTAX.BSB;61-83852548;72010033;AL;PENEDO;Outras atividades auxiliares dos transportes terrestres não especificadas anteriormente;42413805000333;CONTAX.BSB;CONTAX.BSB@GMAIL.COM
226;3;61.9920.0055;ADVANCE TECNOLOGIA;61-98740705;72010023;AL;PENEDO;Treinamento em desenvolvimento profissional e gerencial;42413805000334;MILTONDSW;MILTONDSW@GMAIL.COM
227;3;61.9920.0055;VICTORIACRIISTINA22;61-95889487;72140094;AL;PENEDO;Atividades de estética e outros serviços de cuidados com a beleza;42413805000335;VICTORIACRIISTINA22;VICTORIACRIISTINA8@GMAIL.COM
228;3;61.9920.0055;CAMILLACAPUTO;61-82822844;72016029;AL;PENEDO;Preparação de documentos e serviços especializados de apoio administrativo não especificados anteriormente;42413805000336;CAMILLACAPUTO;CAMILLACAPUTO@OUTLOOK.COM
229;3;61.9920.0055;LUCASALEXMORAIS;61-96429028;72145774;AL;PENEDO;Reparação e manutenção de computadores e de equipamentos periféricos;42413805000337;LUCASALEXMORAIS;LUCASALEXMORAIS@GMAIL.COM
230;3;61.9920.0055;CONTAX.BSB;61-83852549;72010034;AL;PENEDO;Outras atividades auxiliares dos transportes terrestres não especificadas anteriormente;42413805000338;CONTAX.BSB;CONTAX.BSB@GMAIL.COM
231;3;61.9920.0055;ADVANCE TECNOLOGIA;61-98740706;72010024;AL;PENEDO;Treinamento em desenvolvimento profissional e gerencial;42413805000339;MILTONDSW;MILTONDSW@GMAIL.COM
232;3;61.9920.0055;VICTORIACRIISTINA23;61-95889488;72140095;AL;PENEDO;Atividades de estética e outros serviços de cuidados com a beleza;42413805000340;VICTORIACRIISTINA23;VICTORIACRIISTINA8@GMAIL.COM
233;3;61.9920.0055;CAMILLACAPUTO;61-82822845;72016030;AL;PENEDO;Preparação de documentos e serviços especializados de apoio administrativo não especificados anteriormente;42413805000341;CAMILLACAPUTO;CAMILLACAPUTO@OUTLOOK.COM
234;3;61.9920.0055;LUCASALEXMORAIS;61-96429029;72145775;AL;PENEDO;Reparação e manutenção de computadores e de equipamentos periféricos;42413805000342;LUCASALEXMORAIS;LUCASALEXMORAIS@GMAIL.COM
235;3;61.9920.0055;CONTAX.BSB;61-83852550;72010035;AL;PENEDO;Outras atividades auxiliares dos transportes terrestres não especificadas anteriormente;42413805000343;CONTAX.BSB;CONTAX.BSB@GMAIL.COM
236;3;61.9920.0055;ADVANCE TECNOLOGIA;61-98740707;72010025;AL;PENEDO;Treinamento em desenvolvimento profissional e gerencial;42413805000344;MILTONDSW;MILTONDSW@GMAIL.COM
237;3;61.9920.0055;VICTORIACRIISTINA24;61-95889489;72140096;AL;PENEDO;Atividades de estética e outros serviços de cuidados com a beleza;42413805000345;VICTORIACRIISTINA24;VICTORIACRIISTINA8@GMAIL.COM
238;3;61.9920.0055;CAMILLACAPUTO;61-82822846;72016031;AL;PENEDO;Preparação de documentos e serviços especializados de apoio administrativo não especificados anteriormente;42413805000346;CAMILLACAPUTO;CAMILLACAPUTO@OUTLOOK.COM
239;3;61.9920.0055;VICTORIACRIISTINA22;61-95889487;72140094;AL;PENEDO;Atividades de estética e outros serviços de cuidados com a beleza;42413805000347;VICTORIACRIISTINA22;VICTORIACRIISTINA8@GMAIL.COM
240;3;61.9920.0055;CAMILLACAPUTO;61-82822844;72016029;AL;PENEDO;Preparação de documentos e serviços especializados de apoio administrativo não especificados anteriormente;42413805000348;CAMILLACAPUTO;CAMILLACAPUTO@OUTLOOK.COM
241;3;61.9920.0055;LUCASALEXMORAIS;61-96429028;72145774;AL;PENEDO;Reparação e manutenção de computadores e de equipamentos periféricos;42413805000349;LUCASALEXMORAIS;LUCASALEXMORAIS@GMAIL.COM
242;3;61.9920.0055;CONTAX.BSB;61-83852549;72010034;AL;PENEDO;Outras atividades auxiliares dos transportes terrestres não especificadas anteriormente;42413805000350;CONTAX.BSB;CONTAX.BSB@GMAIL.COM
243;3;61.9920.0055;ADVANCE TECNOLOGIA;61-98740706;72010024;AL;PENEDO;Treinamento em desenvolvimento profissional e gerencial;42413805000351;MILTONDSW;MILTONDSW@GMAIL.COM
244;3;61.9920.0055;VICTORIACRIISTINA23;61-95889488;72140095;AL;PENEDO;Atividades de estética e outros serviços de cuidados com a beleza;42413805000352;VICTORIACRIISTINA23;VICTORIACRIISTINA8@GMAIL.COM
245;3;61.9920.0055;CAMILLACAPUTO;61-82822845;72016030;AL;PENEDO;Preparação de documentos e serviços especializados de apoio administrativo não especificados anteriormente;42413805000353;CAMILLACAPUTO;CAMILLACAPUTO@OUTLOOK.COM
246;3;61.9920.0055;LUCASALEXMORAIS;61-96429029;72145775;AL;PENEDO;Reparação e manutenção de computadores e de equipamentos periféricos;42413805000354;LUCASALEXMORAIS;LUCASALEXMORAIS@GMAIL.COM
247;3;61.9920.0055;CONTAX.BSB;61-83852550;72010035;AL;PENEDO;Outras atividades auxiliares dos transportes terrestres não especificadas anteriormente;42413805000355;CONTAX.BSB;CONTAX.BSB@GMAIL.COM
248;3;61.9920.0055;ADVANCE TECNOLOGIA;61-98740707;72010025;AL;PENEDO;Treinamento em desenvolvimento profissional e gerencial;42413805000356;MILTONDSW;MILTONDSW@GMAIL.COM
249;3;61.9920.0055;VICTORIACRIISTINA24;61-95889489;72140096;AL;PENEDO;Atividades de estética e outros serviços de cuidados com a beleza;42413805000357;VICTORIACRIISTINA24;VICTORIACRIISTINA8@GMAIL.COM
250;3;61.9920.0055;CAMILLACAPUTO;61-82822846;72016031;AL;PENEDO;Preparação de documentos e serviços especializados de apoio administrativo não especificados anteriormente;42413805000358;CAMILLACAPUTO;CAMILLACAPUTO@OUTLOOK.COM
251;3;61.9920.0055;LUCASALEXMORAIS;61-96429030;72145776;AL;PENEDO;Reparação e manutenção de computadores e de equipamentos periféricos;42413805000359;LUCASALEXMORAIS;LUCASALEXMORAIS@GMAIL.COM
252;3;61.9920.0055;CONTAX.BSB;61-83852551;72010036;AL;PENEDO;Outras atividades auxiliares dos transportes terrestres não especificadas anteriormente;42413805000360;CONTAX.BSB;CONTAX.BSB@GMAIL.COM
253;3;61.9920.0055;ADVANCE TECNOLOGIA;61-98740708;72010026;AL;PENEDO;Treinamento em desenvolvimento profissional e gerencial;42413805000361;MILTONDSW;MILTONDSW@GMAIL.COM
254;3;61.9920.0055;VICTORIACRIISTINA25;61-95889490;72140097;AL;PENEDO;Atividades de estética e outros serviços de cuidados com a beleza;42413805000362;VICTORIACRIISTINA25;VICTORIACRIISTINA8@GMAIL.COM
255;3;61.9920.0055;CAMILLACAPUTO;61-82822847;72016032;AL;PENEDO;Preparação de documentos e serviços especializados de apoio administrativo não especificados anteriormente;42413805000363;CAMILLACAPUTO;CAMILLACAPUTO@OUTLOOK.COM
256;3;61.9920.0055;VICTORIACRIISTINA23;61-95889488;72140095;AL;PENEDO;Atividades de estética e outros serviços de cuidados com a beleza;42413805000364;VICTORIACRIISTINA23;VICTORIACRIISTINA8@GMAIL.COM
257;3;61.9920.0055;CAMILLACAPUTO;61-82822845;72016030;AL;PENEDO;Preparação de documentos e serviços especializados de apoio administrativo não especificados anteriormente;42413805000365;CAMILLACAPUTO;CAMILLACAPUTO@OUTLOOK.COM
258;3;61.9920.0055;LUCASALEXMORAIS;61-96429029;72145775;AL;PENEDO;Reparação e manutenção de computadores e de equipamentos periféricos;42413805000366;LUCASALEXMORAIS;LUCASALEXMORAIS@GMAIL.COM
259;3;61.9920.0055;CONTAX.BSB;61-83852550;72010035;AL;PENEDO;Outras atividades auxiliares dos transportes terrestres não especificadas anteriormente;42413805000367;CONTAX.BSB;CONTAX.BSB@GMAIL.COM
260;3;61.9920.0055;ADVANCE TECNOLOGIA;61-98740707;72010025;AL;PENEDO;Treinamento em desenvolvimento profissional e gerencial;42413805000368;MILTONDSW;MILTONDSW@GMAIL.COM
261;3;61.9920.0055;VICTORIACRIISTINA24;61-95889489;72140096;AL;PENEDO;Atividades de estética e outros serviços de cuidados com a beleza;42413805000369;VICTORIACRIISTINA24;VICTORIACRIISTINA8@GMAIL.COM
262;3;61.9920.0055;CAMILLACAPUTO;61-82822846;72016031;AL;PENEDO;Preparação de documentos e serviços especializados de apoio administrativo não especificados anteriormente;42413805000370;CAMILLACAPUTO;CAMILLACAPUTO@OUTLOOK.COM
263;3;61.9920.0055;LUCASALEXMORAIS;61-96429030;72145776;AL;PENEDO;Reparação e manutenção de computadores e de equipamentos periféricos;42413805000371;LUCASALEXMORAIS;LUCASALEXMORAIS@GMAIL.COM
264;3;61.9920.0055;CONTAX.BSB;61-83852551;72010036;AL;PENEDO;Outras atividades auxiliares dos transportes terrestres não especificadas anteriormente;42413805000372;CONTAX.BSB;CONTAX.BSB@GMAIL.COM
265;3;61.9920.0055;ADVANCE TECNOLOGIA;61-98740708;72010026;AL;PENEDO;Treinamento em desenvolvimento profissional e gerencial;42413805000373;MILTONDSW;MILTONDSW@GMAIL.COM
266;3;61.9920.0055;VICTORIACRIISTINA25;61-95889490;72140097;AL;PENEDO;Atividades de estética e outros serviços de cuidados com a beleza;42413805000374;VICTORIACRIISTINA25;VICTORIACRIISTINA8@GMAIL.COM
267;3;61.9920.0055;CAMILLACAPUTO;61-82822847;72016032;AL;PENEDO;Preparação de documentos e serviços especializados de apoio administrativo não especificados anteriormente;42413805000375;CAMILLACAPUTO;CAMILLACAPUTO@OUTLOOK.COM
268;3;61.9920.0055;LUCASALEXMORAIS;61-96429031;72145777;AL;PENEDO;Reparação e manutenção de computadores e de equipamentos periféricos;42413805000376;LUCASALEXMORAIS;LUCASALEXMORAIS@GMAIL.COM
269;3;61.9920.0055;CONTAX.BSB;61-83852552;72010037;AL;PENEDO;Outras atividades auxiliares dos transportes terrestres não especificadas anteriormente;42413805000377;CONTAX.BSB;CONTAX.BSB@GMAIL.COM
270;3;61.9920.0055;ADVANCE TECNOLOGIA;61-98740709;72010027;AL;PENEDO;Treinamento em desenvolvimento profissional e gerencial;42413805000378;MILTONDSW;MILTONDSW@GMAIL.COM
271;3;61.9920.0055;VICTORIACRIISTINA26;61-95889491;72140098;AL;PENEDO;Atividades de estética e outros serviços de cuidados com a beleza;42413805000379;VICTORIACRIISTINA26;VICTORIACRIISTINA8@GMAIL.COM
272;3;61.9920.0055;CAMILLACAPUTO;61-82822848;72016033;AL;PENEDO;Preparação de documentos e serviços especializados de apoio administrativo não especificados anteriormente;42413805000380;CAMILLACAPUTO;CAMILLACAPUTO@OUTLOOK.COM
273;3;61.9920.0055;VICTORIACRIISTINA24;61-95889489;72140096;AL;PENEDO;Atividades de estética e outros serviços de cuidados com a beleza;42413805000381;VICTORIACRIISTINA24;VICTORIACRIISTINA8@GMAIL.COM
274;3;61.9920.0055;CAMILLACAPUTO;61-82822846;72016031;AL;PENEDO;Preparação de documentos e serviços especializados de apoio administrativo não especificados anteriormente;42413805000382;CAMILLACAPUTO;CAMILLACAPUTO@OUTLOOK.COM
275;3;61.9920.0055;LUCASALEXMORAIS;61-96429030;72145776;AL;PENEDO;Reparação e manutenção de computadores e de equipamentos periféricos;42413805000383;LUCASALEXMORAIS;LUCASALEXMORAIS@GMAIL.COM
276;3;61.9920.0055;CONTAX.BSB;61-83852551;72010036;AL;PENEDO;Outras atividades auxiliares dos transportes terrestres não especificadas anteriormente;42413805000384;CONTAX.BSB;CONTAX.BSB@GMAIL.COM
277;3;61.9920.0055;ADVANCE TECNOLOGIA;61-98740708;72010026;AL;PENEDO;Treinamento em desenvolvimento profissional e gerencial;42413805000385;MILTONDSW;MILTONDSW@GMAIL.COM
278;3;61.9920.0055;VICTORIACRIISTINA25;61-95889490;72140097;AL;PENEDO;Atividades de estética e outros serviços de cuidados com a beleza;42413805000386;VICTORIACRIISTINA25;VICTORIACRIISTINA8@GMAIL.COM
279;3;61.9920.0055;CAMILLACAPUTO;61-82822847;72016032;AL;PENEDO;Preparação de documentos e serviços especializados de apoio administrativo não especificados anteriormente;42413805000387;CAMILLACAPUTO;CAMILLACAPUTO@OUTLOOK.COM
280;3;61.9920.0055;LUCASALEXMORAIS;61-96429031;72145777;AL;PENEDO;Reparação e manutenção de computadores e de equipamentos periféricos;42413805000388;LUCASALEXMORAIS;LUCASALEXMORAIS@GMAIL.COM
281;3;61.9920.0055;CONTAX.BSB;61-83852552;72010037;AL;PENEDO;Outras atividades auxiliares dos transportes terrestres não especificadas anteriormente;42413805000389;CONTAX.BSB;CONTAX.BSB@GMAIL.COM
282;3;61.9920.0055;ADVANCE TECNOLOGIA;61-98740709;72010027;AL;PENEDO;Treinamento em desenvolvimento profissional e gerencial;42413805000390;MILTONDSW;MILTONDSW@GMAIL.COM
283;3;61.9920.0055;VICTORIACRIISTINA26;61-95889491;72140098;AL;PENEDO;Atividades de estética e outros serviços de cuidados com a beleza;42413805000391;VICTORIACRIISTINA26;VICTORIACRIISTINA8@GMAIL.COM
284;3;61.9920.0055;CAMILLACAPUTO;61-82822848;72016033;AL;PENEDO;Preparação de documentos e serviços especializados de apoio administrativo não especificados anteriormente;42413805000392;CAMILLACAPUTO;CAMILLACAPUTO@OUTLOOK.COM
285;3;61.9920.0055;LUCASALEXMORAIS;61-96429032;72145778;AL;PENEDO;Reparação e manutenção de computadores e de equipamentos periféricos;42413805000393;LUCASALEXMORAIS;LUCASALEXMORAIS@GMAIL.COM
286;3;61.9920.0055;CONTAX.BSB;61-83852553;72010038;AL;PENEDO;Outras atividades auxiliares dos transportes terrestres não especificadas anteriormente;42413805000394;CONTAX.BSB;CONTAX.BSB@GMAIL.COM
287;3;61.9920.0055;ADVANCE TECNOLOGIA;61-98740710;72010028;AL;PENEDO;Treinamento em desenvolvimento profissional e gerencial;42413805000395;MILTONDSW;MILTONDSW@GMAIL.COM
288;3;61.9920.0055;VICTORIACRIISTINA27;61-95889492;72140099;AL;PENEDO;Atividades de estética e outros serviços de cuidados com a beleza;42413805000396;VICTORIACRIISTINA27;VICTORIACRIISTINA8@GMAIL.COM
289;3;61.9920.0055;CAMILLACAPUTO;61-82822849;72016034;AL;PENEDO;Preparação de documentos e serviços especializados de apoio administrativo não especificados anteriormente;42413805000397;CAMILLACAPUTO;CAMILLACAPUTO@OUTLOOK.COM
290;3;61.9920.0055;VICTORIACRIISTINA25;61-95889490;72140097;AL;PENEDO;Atividades de estética e outros serviços de cuidados com a beleza;42413805000398;VICTORIACRIISTINA25;VICTORIACRIISTINA8@GMAIL.COM
291;3;61.9920.0055;CAMILLACAPUTO;61-82822847;72016032;AL;PENEDO;Preparação de documentos e serviços especializados de apoio administrativo não especificados anteriormente;42413805000399;CAMILLACAPUTO;CAMILLACAPUTO@OUTLOOK.COM
292;3;61.9920.0055;LUCASALEXMORAIS;61-96429031;72145777;AL;PENEDO;Reparação e manutenção de computadores e de equipamentos periféricos;42413805000400;LUCASALEXMORAIS;LUCASALEXMORAIS@GMAIL.COM
293;3;61.9920.0055;CONTAX.BSB;61-83852552;72010037;AL;PENEDO;Outras atividades auxiliares dos transportes terrestres não especificadas anteriormente;42413805000401;CONTAX.BSB;CONTAX.BSB@GMAIL.COM
294;3;61.9920.0055;ADVANCE TECNOLOGIA;61-98740709;72010027;AL;PENEDO;Treinamento em desenvolvimento profissional e gerencial;42413805000402;MILTONDSW;MILTONDSW@GMAIL.COM
295;3;61.9920.0055;VICTORIACRIISTINA26;61-95889491;72140098;AL;PENEDO;Atividades de estética e outros serviços de cuidados com a beleza;42413805000403;VICTORIACRIISTINA26;VICTORIACRIISTINA8@GMAIL.COM
296;3;61.9920.0055;CAMILLACAPUTO;61-82822848;72016033;AL;PENEDO;Preparação de documentos e serviços especializados de apoio administrativo não especificados anteriormente;42413805000404;CAMILLACAPUTO;CAMILLACAPUTO@OUTLOOK.COM
297;3;61.9920.0055;LUCASALEXMORAIS;61-96429032;72145778;AL;PENEDO;Reparação e manutenção de computadores e de equipamentos periféricos;42413805000405;LUCASALEXMORAIS;LUCASALEXMORAIS@GMAIL.COM
298;3;61.9920.0055;CONTAX.BSB;61-83852553;72010038;AL;PENEDO;Outras atividades auxiliares dos transportes terrestres não especificadas anteriormente;42413805000406;CONTAX.BSB;CONTAX.BSB@GMAIL.COM
299;3;61.9920.0055;ADVANCE TECNOLOGIA;61-98740710;72010028;AL;PENEDO;Treinamento em desenvolvimento profissional e gerencial;42413805000407;MILTONDSW;MILTONDSW@GMAIL.COM
300;3;61.9920.0055;VICTORIACRIISTINA27;61-95889492;72140099;AL;PENEDO;Atividades de estética e outros serviços de cuidados com a beleza;42413805000408;VICTORIACRIISTINA27;VICTORIACRIISTINA8@GMAIL.COM
301;3;61.9920.0055;CAMILLACAPUTO;61-82822849;72016034;AL;PENEDO;Preparação de documentos e serviços especializados de apoio administrativo não especificados anteriormente;42413805000409;CAMILLACAPUTO;CAMILLACAPUTO@OUTLOOK.COM
302;3;61.9920.0055;LUCASALEXMORAIS;61-96429033;72145779;AL;PENEDO;Reparação e manutenção de computadores e de equipamentos periféricos;42413805000410;LUCASALEXMORAIS;LUCASALEXMORAIS@GMAIL.COM
303;3;61.9920.0055;CONTAX.BSB;61-83852554;72010039;AL;PENEDO;Outras atividades auxiliares dos transportes terrestres não especificadas anteriormente;42413805000411;CONTAX.BSB;CONTAX.BSB@GMAIL.COM
304;3;61.9920.0055;ADVANCE TECNOLOGIA;61-98740711;72010029;AL;PENEDO;Treinamento em desenvolvimento profissional e gerencial;42413805000412;MILTONDSW;MILTONDSW@GMAIL.COM
305;3;61.9920.0055;VICTORIACRIISTINA28;61-95889493;72140100;AL;PENEDO;Atividades de estética e outros serviços de cuidados com a beleza;42413805000413;VICTORIACRIISTINA28;VICTORIACRIISTINA8@GMAIL.COM
306;3;61.9920.0055;CAMILLACAPUTO;61-82822850;72016035;AL;PENEDO;Preparação de documentos e serviços especializados de apoio administrativo não especificados anteriormente;42413805000414;CAMILLACAPUTO;CAMILLACAPUTO@OUTLOOK.COM
307;3;61.9920.0055;VICTORIACRIISTINA26;61-95889491;72140098;AL;PENEDO;Atividades de estética e outros serviços de cuidados com a beleza;42413805000415;VICTORIACRIISTINA26;VICTORIACRIISTINA8@GMAIL.COM
308;3;61.9920.0055;CAMILLACAPUTO;61-82822848;72016033;AL;PENEDO;Preparação de documentos e serviços especializados de apoio administrativo não especificados anteriormente;42413805000416;CAMILLACAPUTO;CAMILLACAPUTO@OUTLOOK.COM
309;3;61.9920.0055;LUCASALEXMORAIS;61-96429032;72145778;AL;PENEDO;Reparação e manutenção de computadores e de equipamentos periféricos;42413805000417;LUCASALEXMORAIS;LUCASALEXMORAIS@GMAIL.COM
310;3;61.9920.0055;CONTAX.BSB;61-83852553;72010038;AL;PENEDO;Outras atividades auxiliares dos transportes terrestres não especificadas anteriormente;42413805000418;CONTAX.BSB;CONTAX.BSB@GMAIL.COM
311;3;61.9920.0055;ADVANCE TECNOLOGIA;61-98740710;72010028;AL;PENEDO;Treinamento em desenvolvimento profissional e gerencial;42413805000419;MILTONDSW;MILTONDSW@GMAIL.COM
312;3;61.9920.0055;VICTORIACRIISTINA27;61-95889492;72140099;AL;PENEDO;Atividades de estética e outros serviços de cuidados com a beleza;42413805000420;VICTORIACRIISTINA27;VICTORIACRIISTINA8@GMAIL.COM
313;3;61.9920.0055;CAMILLACAPUTO;61-82822849;72016034;AL;PENEDO;Preparação de documentos e serviços especializados de apoio administrativo não especificados anteriormente;42413805000421;CAMILLACAPUTO;CAMILLACAPUTO@OUTLOOK.COM
314;3;61.9920.0055;LUCASALEXMORAIS;61-96429033;72145779;AL;PENEDO;Reparação e manutenção de computadores e de equipamentos periféricos;42413805000422;LUCASALEXMORAIS;LUCASALEXMORAIS@GMAIL.COM
315;3;61.9920.0055;CONTAX.BSB;61-83852554;72010039;AL;PENEDO;Outras atividades auxiliares dos transportes terrestres não especificadas anteriormente;42413805000423;CONTAX.BSB;CONTAX.BSB@GMAIL.COM
316;3;61.9920.0055;ADVANCE TECNOLOGIA;61-98740711;72010029;AL;PENEDO;Treinamento em desenvolvimento profissional e gerencial;42413805000424;MILTONDSW;MILTONDSW@GMAIL.COM
317;3;61.9920.0055;VICTORIACRIISTINA28;61-95889493;72140100;AL;PENEDO;Atividades de estética e outros serviços de cuidados com a beleza;42413805000425;VICTORIACRIISTINA28;VICTORIACRIISTINA8@GMAIL.COM
318;3;61.9920.0055;CAMILLACAPUTO;61-82822850;72016035;AL;PENEDO;Preparação de documentos e serviços especializados de apoio administrativo não especificados anteriormente;42413805000426;CAMILLACAPUTO;CAMILLACAPUTO@OUTLOOK.COM
319;3;61.9920.0055;LUCASALEXMORAIS;61-96429034;72145780;AL;PENEDO;Reparação e manutenção de computadores e de equipamentos periféricos;42413805000427;LUCASALEXMORAIS;LUCASALEXMORAIS@GMAIL.COM
320;3;61.9920.0055;CONTAX.BSB;61-83852555;72010040;AL;PENEDO;Outras atividades auxiliares dos transportes terrestres não especificadas anteriormente;42413805000428;CONTAX.BSB;CONTAX.BSB@GMAIL.COM
321;3;61.9920.0055;ADVANCE TECNOLOGIA;61-98740712;72010030;AL;PENEDO;Treinamento em desenvolvimento profissional e gerencial;42413805000429;MILTONDSW;MILTONDSW@GMAIL.COM
322;3;61.9920.0055;VICTORIACRIISTINA29;61-95889494;72140101;AL;PENEDO;Atividades de estética e outros serviços de cuidados com a beleza;42413805000430;VICTORIACRIISTINA29;VICTORIACRIISTINA8@GMAIL.COM
323;3;61.9920.0055;CAMILLACAPUTO;61-82822851;72016036;AL;PENEDO;Preparação de documentos e serviços especializados de apoio administrativo não especificados anteriormente;42413805000431;CAMILLACAPUTO;CAMILLACAPUTO@OUTLOOK.COM
324;3;61.9920.0055;VICTORIACRIISTINA27;61-95889492;72140099;AL;PENEDO;Atividades de estética e outros serviços de cuidados com a beleza;42413805000432;VICTORIACRIISTINA27;VICTORIACRIISTINA8@GMAIL.COM
325;3;61.9920.0055;CAMILLACAPUTO;61-82822849;72016034;AL;PENEDO;Preparação de documentos e serviços especializados de apoio administrativo não especificados anteriormente;42413805000433;CAMILLACAPUTO;CAMILLACAPUTO@OUTLOOK.COM
326;3;61.9920.0055;LUCASALEXMORAIS;61-96429033;72145779;AL;PENEDO;Reparação e manutenção de computadores e de equipamentos periféricos;42413805000434;LUCASALEXMORAIS;LUCASALEXMORAIS@GMAIL.COM
327;3;61.9920.0055;CONTAX.BSB;61-83852554;72010039;AL;PENEDO;Outras atividades auxiliares dos transportes terrestres não especificadas anteriormente;42413805000435;CONTAX.BSB;CONTAX.BSB@GMAIL.COM
328;3;61.9920.0055;ADVANCE TECNOLOGIA;61-98740711;72010029;AL;PENEDO;Treinamento em desenvolvimento profissional e gerencial;42413805000436;MILTONDSW;MILTONDSW@GMAIL.COM
329;3;61.9920.0055;VICTORIACRIISTINA28;61-95889493;72140100;AL;PENEDO;Atividades de estética e outros serviços de cuidados com a beleza;42413805000437;VICTORIACRIISTINA28;VICTORIACRIISTINA8@GMAIL.COM
330;3;61.9920.0055;CAMILLACAPUTO;61-82822850;72016035;AL;PENEDO;Preparação de documentos e serviços especializados de apoio administrativo não especificados anteriormente;42413805000438;CAMILLACAPUTO;CAMILLACAPUTO@OUTLOOK.COM
331;3;61.9920.0055;LUCASALEXMORAIS;61-96429034;72145780;AL;PENEDO;Reparação e manutenção de computadores e de equipamentos periféricos;42413805000439;LUCASALEXMORAIS;LUCASALEXMORAIS@GMAIL.COM
332;3;61.9920.0055;CONTAX.BSB;61-83852555;72010040;AL;PENEDO;Outras atividades auxiliares dos transportes terrestres não especificadas anteriormente;42413805000440;CONTAX.BSB;CONTAX.BSB@GMAIL.COM
333;3;61.9920.0055;ADVANCE TECNOLOGIA;61-98740712;72010030;AL;PENEDO;Treinamento em desenvolvimento profissional e gerencial;42413805000441;MILTONDSW;MILTONDSW@GMAIL.COM
334;3;61.9920.0055;VICTORIACRIISTINA29;61-95889494;72140101;AL;PENEDO;Atividades de estética e outros serviços de cuidados com a beleza;42413805000442;VICTORIACRIISTINA29;VICTORIACRIISTINA8@GMAIL.COM
335;3;61.9920.0055;CAMILLACAPUTO;61-82822851;72016036;AL;PENEDO;Preparação de documentos e serviços especializados de apoio administrativo não especificados anteriormente;42413805000443;CAMILLACAPUTO;CAMILLACAPUTO@OUTLOOK.COM
336;3;61.9920.0055;LUCASALEXMORAIS;61-96429035;72145781;AL;PENEDO;Reparação e manutenção de computadores e de equipamentos periféricos;42413805000444;LUCASALEXMORAIS;LUCASALEXMORAIS@GMAIL.COM
337;3;61.9920.0055;CONTAX.BSB;61-83852556;72010041;AL;PENEDO;Outras atividades auxiliares dos transportes terrestres não especificadas anteriormente;42413805000445;CONTAX.BSB;CONTAX.BSB@GMAIL.COM
338;3;61.9920.0055;ADVANCE TECNOLOGIA;61-98740713;72010031;AL;PENEDO;Treinamento em desenvolvimento profissional e gerencial;42413805000446;MILTONDSW;MILTONDSW@GMAIL.COM
339;3;61.9920.0055;VICTORIACRIISTINA30;61-95889495;72140102;AL;PENEDO;Atividades de estética e outros serviços de cuidados com a beleza;42413805000447;VICTORIACRIISTINA30;VICTORIACRIISTINA8@GMAIL.COM
340;3;61.9920.0055;CAMILLACAPUTO;61-82822852;72016037;AL;PENEDO;Preparação de documentos e serviços especializados de apoio administrativo não especificados anteriormente;42413805000448;CAMILLACAPUTO;CAMILLACAPUTO@OUTLOOK.COM
341;3;61.9920.0055;VICTORIACRIISTINA28;61-95889493;72140100;AL;PENEDO;Atividades de estética e outros serviços de cuidados com a beleza;42413805000449;VICTORIACRIISTINA28;VICTORIACRIISTINA8@GMAIL.COM
342;3;61.9920.0055;CAMILLACAPUTO;61-82822850;72016035;AL;PENEDO;Preparação de documentos e serviços especializados de apoio administrativo não especificados anteriormente;42413805000450;CAMILLACAPUTO;CAMILLACAPUTO@OUTLOOK.COM
343;3;61.9920.0055;LUCASALEXMORAIS;61-96429034;72145780;AL;PENEDO;Reparação e manutenção de computadores e de equipamentos periféricos;42413805000451;LUCASALEXMORAIS;LUCASALEXMORAIS@GMAIL.COM
344;3;61.9920.0055;CONTAX.BSB;61-83852555;72010040;AL;PENEDO;Outras atividades auxiliares dos transportes terrestres não especificadas anteriormente;42413805000452;CONTAX.BSB;CONTAX.BSB@GMAIL.COM
345;3;61.9920.0055;ADVANCE TECNOLOGIA;61-98740712;72010030;AL;PENEDO;Treinamento em desenvolvimento profissional e gerencial;42413805000453;MILTONDSW;MILTONDSW@GMAIL.COM
346;3;61.9920.0055;VICTORIACRIISTINA29;61-95889494;72140101;AL;PENEDO;Atividades de estética e outros serviços de cuidados com a beleza;42413805000454;VICTORIACRIISTINA29;VICTORIACRIISTINA8@GMAIL.COM
347;3;61.9920.0055;CAMILLACAPUTO;61-82822851;72016036;AL;PENEDO;Preparação de documentos e serviços especializados de apoio administrativo não especificados anteriormente;42413805000455;CAMILLACAPUTO;CAMILLACAPUTO@OUTLOOK.COM
348;3;61.9920.0055;LUCASALEXMORAIS;61-96429035;72145781;AL;PENEDO;Reparação e manutenção de computadores e de equipamentos periféricos;42413805000456;LUCASALEXMORAIS;LUCASALEXMORAIS@GMAIL.COM
349;3;61.9920.0055;CONTAX.BSB;61-83852556;72010041;AL;PENEDO;Outras atividades auxiliares dos transportes terrestres não especificadas anteriormente;42413805000457;CONTAX.BSB;CONTAX.BSB@GMAIL.COM
350;3;61.9920.0055;ADVANCE TECNOLOGIA;61-98740713;72010031;AL;PENEDO;Treinamento em desenvolvimento profissional e gerencial;42413805000458;MILTONDSW;MILTONDSW@GMAIL.COM
351;3;61.9920.0055;VICTORIACRIISTINA30;61-95889495;72140102;AL;PENEDO;Atividades de estética e outros serviços de cuidados com a beleza;42413805000459;VICTORIACRIISTINA30;VICTORIACRIISTINA8@GMAIL.COM
352;3;61.9920.0055;CAMILLACAPUTO;61-82822852;72016037;AL;PENEDO;Preparação de documentos e serviços especializados de apoio administrativo não especificados anteriormente;42413805000460;CAMILLACAPUTO;CAMILLACAPUTO@OUTLOOK.COM
353;3;61.9920.0055;LUCASALEXMORAIS;61-96429036;72145782;AL;PENEDO;Reparação e manutenção de computadores e de equipamentos periféricos;42413805000461;LUCASALEXMORAIS;LUCASALEXMORAIS@GMAIL.COM
354;3;61.9920.0055;CONTAX.BSB;61-83852557;72010042;AL;PENEDO;Outras atividades auxiliares dos transportes terrestres não especificadas anteriormente;42413805000462;CONTAX.BSB;CONTAX.BSB@GMAIL.COM
355;3;61.9920.0055;ADVANCE TECNOLOGIA;61-98740714;72010032;AL;PENEDO;Treinamento em desenvolvimento profissional e gerencial;42413805000463;MILTONDSW;MILTONDSW@GMAIL.COM
356;3;61.9920.0055;VICTORIACRIISTINA31;61-95889496;72140103;AL;PENEDO;Atividades de estética e outros serviços de cuidados com a beleza;42413805000464;VICTORIACRIISTINA31;VICTORIACRIISTINA8@GMAIL.COM
357;3;61.9920.0055;CAMILLACAPUTO;61-82822853;72016038;AL;PENEDO;Preparação de documentos e serviços especializados de apoio administrativo não especificados anteriormente;42413805000465;CAMILLACAPUTO;CAMILLACAPUTO@OUTLOOK.COM
358;3;61.9920.0055;VICTORIACRIISTINA29;61-95889494;72140101;AL;PENEDO;Atividades de estética e outros serviços de cuidados com a beleza;42413805000466;VICTORIACRIISTINA29;VICTORIACRIISTINA8@GMAIL.COM
359;3;61.9920.0055;CAMILLACAPUTO;61-82822851;72016036;AL;PENEDO;Preparação de documentos e serviços especializados de apoio administrativo não especificados anteriormente;42413805000467;CAMILLACAPUTO;CAMILLACAPUTO@OUTLOOK.COM
360;3;61.9920.0055;LUCASALEXMORAIS;61-96429035;72145781;AL;PENEDO;Reparação e manutenção de computadores e de equipamentos periféricos;42413805000468;LUCASALEXMORAIS;LUCASALEXMORAIS@GMAIL.COM
361;3;61.9920.0055;CONTAX.BSB;61-83852556;72010041;AL;PENEDO;Outras atividades auxiliares dos transportes terrestres não especificadas anteriormente;42413805000469;CONTAX.BSB;CONTAX.BSB@GMAIL.COM
362;3;61.9920.0055;ADVANCE TECNOLOGIA;61-98740713;72010031;AL;PENEDO;Treinamento em desenvolvimento profissional e gerencial;42413805000470;MILTONDSW;MILTONDSW@GMAIL.COM
363;3;61.9920.0055;VICTORIACRIISTINA30;61-95889495;72140102;AL;PENEDO;Atividades de estética e outros serviços de cuidados com a beleza;42413805000471;VICTORIACRIISTINA30;VICTORIACRIISTINA8@GMAIL.COM
364;3;61.9920.0055;CAMILLACAPUTO;61-82822852;72016037;AL;PENEDO;Preparação de documentos e serviços especializados de apoio administrativo não especificados anteriormente;42413805000472;CAMILLACAPUTO;CAMILLACAPUTO@OUTLOOK.COM
365;3;61.9920.0055;LUCASALEXMORAIS;61-96429036;72145782;AL;PENEDO;Reparação e manutenção de computadores e de equipamentos periféricos;42413805000473;LUCASALEXMORAIS;LUCASALEXMORAIS@GMAIL.COM
366;3;61.9920.0055;CONTAX.BSB;61-83852557;72010042;AL;PENEDO;Outras atividades auxiliares dos transportes terrestres não especificadas anteriormente;42413805000474;CONTAX.BSB;CONTAX.BSB@GMAIL.COM
367;3;61.9920.0055;ADVANCE TECNOLOGIA;61-98740714;72010032;AL;PENEDO;Treinamento em desenvolvimento profissional e gerencial;42413805000475;MILTONDSW;MILTONDSW@GMAIL.COM
368;3;61.9920.0055;VICTORIACRIISTINA31;61-95889496;72140103;AL;PENEDO;Atividades de estética e outros serviços de cuidados com a beleza;42413805000476;VICTORIACRIISTINA31;VICTORIACRIISTINA8@GMAIL.COM
369;3;61.9920.0055;CAMILLACAPUTO;61-82822853;72016038;AL;PENEDO;Preparação de documentos e serviços especializados de apoio administrativo não especificados anteriormente;42413805000477;CAMILLACAPUTO;CAMILLACAPUTO@OUTLOOK.COM
370;3;61.9920.0055;LUCASALEXMORAIS;61-96429037;72145783;AL;PENEDO;Reparação e manutenção de computadores e de equipamentos periféricos;42413805000478;LUCASALEXMORAIS;LUCASALEXMORAIS@GMAIL.COM
371;3;61.9920.0055;CONTAX.BSB;61-83852558;72010043;AL;PENEDO;Outras atividades auxiliares dos transportes terrestres não especificadas anteriormente;42413805000479;CONTAX.BSB;CONTAX.BSB@GMAIL.COM
372;3;61.9920.0055;ADVANCE TECNOLOGIA;61-98740715;72010033;AL;PENEDO;Treinamento em desenvolvimento profissional e gerencial;42413805000480;MILTONDSW;MILTONDSW@GMAIL.COM
373;3;61.9920.0055;VICTORIACRIISTINA32;61-95889497;72140104;AL;PENEDO;Atividades de estética e outros serviços de cuidados com a beleza;42413805000481;VICTORIACRIISTINA32;VICTORIACRIISTINA8@GMAIL.COM
374;3;61.9920.0055;CAMILLACAPUTO;61-82822854;72016039;AL;PENEDO;Preparação de documentos e serviços especializados de apoio administrativo não especificados anteriormente;42413805000482;CAMILLACAPUTO;CAMILLACAPUTO@OUTLOOK.COM
375;3;61.9920.0055;VICTORIACRIISTINA30;61-95889495;72140102;AL;PENEDO;Atividades de estética e outros serviços de cuidados com a beleza;42413805000483;VICTORIACRIISTINA30;VICTORIACRIISTINA8@GMAIL.COM
376;3;61.9920.0055;CAMILLACAPUTO;61-82822852;72016037;AL;PENEDO;Preparação de documentos e serviços especializados de apoio administrativo não especificados anteriormente;42413805000484;CAMILLACAPUTO;CAMILLACAPUTO@OUTLOOK.COM
377;3;61.9920.0055;LUCASALEXMORAIS;61-96429036;72145782;AL;PENEDO;Reparação e manutenção de computadores e de equipamentos periféricos;42413805000485;LUCASALEXMORAIS;LUCASALEXMORAIS@GMAIL.COM
378;3;61.9920.0055;CONTAX.BSB;61-83852557;72010042;AL;PENEDO;Outras atividades auxiliares dos transportes terrestres não especificadas anteriormente;42413805000486;CONTAX.BSB;CONTAX.BSB@GMAIL.COM
379;3;61.9920.0055;ADVANCE TECNOLOGIA;61-98740714;72010032;AL;PENEDO;Treinamento em desenvolvimento profissional e gerencial;42413805000487;MILTONDSW;MILTONDSW@GMAIL.COM
380;3;61.9920.0055;VICTORIACRIISTINA31;61-95889496;72140103;AL;PENEDO;Atividades de estética e outros serviços de cuidados com a beleza;42413805000488;VICTORIACRIISTINA31;VICTORIACRIISTINA8@GMAIL.COM
381;3;61.9920.0055;CAMILLACAPUTO;61-82822853;72016038;AL;PENEDO;Preparação de documentos e serviços especializados de apoio administrativo não especificados anteriormente;42413805000489;CAMILLACAPUTO;CAMILLACAPUTO@OUTLOOK.COM
382;3;61.9920.0055;LUCASALEXMORAIS;61-96429037;72145783;AL;PENEDO;Reparação e manutenção de computadores e de equipamentos periféricos;42413805000490;LUCASALEXMORAIS;LUCASALEXMORAIS@GMAIL.COM
383;3;61.9920.0055;CONTAX.BSB;61-83852558;72010043;AL;PENEDO;Outras atividades auxiliares dos transportes terrestres não especificadas anteriormente;42413805000491;CONTAX.BSB;CONTAX.BSB@GMAIL.COM
384;3;61.9920.0055;ADVANCE TECNOLOGIA;61-98740715;72010033;AL;PENEDO;Treinamento em desenvolvimento profissional e gerencial;42413805000492;MILTONDSW;MILTONDSW@GMAIL.COM
385;3;61.9920.0055;VICTORIACRIISTINA32;61-95889497;72140104;AL;PENEDO;Atividades de estética e outros serviços de cuidados com a beleza;42413805000493;VICTORIACRIISTINA32;VICTORIACRIISTINA8@GMAIL.COM
386;3;61.9920.0055;CAMILLACAPUTO;61-82822854;72016039;AL;PENEDO;Preparação de documentos e serviços especializados de apoio administrativo não especificados anteriormente;42413805000494;CAMILLACAPUTO;CAMILLACAPUTO@OUTLOOK.COM
387;3;61.9920.0055;LUCASALEXMORAIS;61-96429038;72145784;AL;PENEDO;Reparação e manutenção de computadores e de equipamentos periféricos;42413805000495;LUCASALEXMORAIS;LUCASALEXMORAIS@GMAIL.COM
388;3;61.9920.0055;CONTAX.BSB;61-83852559;72010044;AL;PENEDO;Outras atividades auxiliares dos transportes terrestres não especificadas anteriormente;42413805000496;CONTAX.BSB;CONTAX.BSB@GMAIL.COM
389;3;61.9920.0055;ADVANCE TECNOLOGIA;61-98740716;72010034;AL;PENEDO;Treinamento em desenvolvimento profissional e gerencial;42413805000497;MILTONDSW;MILTONDSW@GMAIL.COM
390;3;61.9920.0055;VICTORIACRIISTINA33;61-95889498;72140105;AL;PENEDO;Atividades de estética e outros serviços de cuidados com a beleza;42413805000498;VICTORIACRIISTINA33;VICTORIACRIISTINA8@GMAIL.COM
391;3;61.9920.0055;CAMILLACAPUTO;61-82822855;72016040;AL;PENEDO;Preparação de documentos e serviços especializados de apoio administrativo não especificados anteriormente;42413805000499;CAMILLACAPUTO;CAMILLACAPUTO@OUTLOOK.COM
392;3;61.9920.0055;VICTORIACRIISTINA31;61-95889496;72140103;AL;PENEDO;Atividades de estética e outros serviços de cuidados com a beleza;42413805000500;VICTORIACRIISTINA31;VICTORIACRIISTINA8@GMAIL.COM
393;3;61.9920.0055;CAMILLACAPUTO;61-82822853;72016038;AL;PENEDO;Preparação de documentos e serviços especializados de apoio administrativo não especificados anteriormente;42413805000501;CAMILLACAPUTO;CAMILLACAPUTO@OUTLOOK.COM
394;3;61.9920.0055;LUCASALEXMORAIS;61-96429037;72145783;AL;PENEDO;Reparação e manutenção de computadores e de equipamentos periféricos;42413805000502;LUCASALEXMORAIS;LUCASALEXMORAIS@GMAIL.COM
395;3;61.9920.0055;CONTAX.BSB;61-83852558;72010043;AL;PENEDO;Outras atividades auxiliares dos transportes terrestres não especificadas anteriormente;42413805000503;CONTAX.BSB;CONTAX.BSB@GMAIL.COM
396;3;61.9920.0055;ADVANCE TECNOLOGIA;61-98740715;72010033;AL;PENEDO;Treinamento em desenvolvimento profissional e gerencial;42413805000504;MILTONDSW;MILTONDSW@GMAIL.COM
397;3;61.9920.0055;VICTORIACRIISTINA32;61-95889497;72140104;AL;PENEDO;Atividades de estética e outros serviços de cuidados com a beleza;42413805000505;VICTORIACRIISTINA32;VICTORIACRIISTINA8@GMAIL.COM
398;3;61.9920.0055;CAMILLACAPUTO;61-82822854;72016039;AL;PENEDO;Preparação de documentos e serviços especializados de apoio administrativo não especificados anteriormente;42413805000506;CAMILLACAPUTO;CAMILLACAPUTO@OUTLOOK.COM
399;3;61.9920.0055;LUCASALEXMORAIS;61-96429038;72145784;AL;PENEDO;Reparação e manutenção de computadores e de equipamentos periféricos;42413805000507;LUCASALEXMORAIS;LUCASALEXMORAIS@GMAIL.COM
400;3;61.9920.0055;CONTAX.BSB;61-83852559;72010044;AL;PENEDO;Outras atividades auxiliares dos transportes terrestres não especificadas anteriormente;42413805000508;CONTAX.BSB;CONTAX.BSB@GMAIL.COM
401;3;61.9920.0055;ADVANCE TECNOLOGIA;61-98740716;72010034;AL;PENEDO;Treinamento em desenvolvimento profissional e gerencial;42413805000509;MILTONDSW;MILTONDSW@GMAIL.COM
402;3;61.9920.0055;VICTORIACRIISTINA33;61-95889498;72140105;AL;PENEDO;Atividades de estética e outros serviços de cuidados com a beleza;42413805000510;VICTORIACRIISTINA33;VICTORIACRIISTINA8@GMAIL.COM
403;3;61.9920.0055;CAMILLACAPUTO;61-82822855;72016040;AL;PENEDO;Preparação de documentos e serviços especializados de apoio administrativo não especificados anteriormente;42413805000511;CAMILLACAPUTO;CAMILLACAPUTO@OUTLOOK.COM
404;3;61.9920.0055;LUCASALEXMORAIS;61-96429039;72145785;AL;PENEDO;Reparação e manutenção de computadores e de equipamentos periféricos;42413805000512;LUCASALEXMORAIS;LUCASALEXMORAIS@GMAIL.COM
405;3;61.9920.0055;CONTAX.BSB;61-83852560;72010045;AL;PENEDO;Outras atividades auxiliares dos transportes terrestres não especificadas anteriormente;42413805000513;CONTAX.BSB;CONTAX.BSB@GMAIL.COM
406;3;61.9920.0055;ADVANCE TECNOLOGIA;61-98740717;72010035;AL;PENEDO;Treinamento em desenvolvimento profissional e gerencial;42413805000514;MILTONDSW;MILTONDSW@GMAIL.COM
407;3;61.9920.0055;VICTORIACRIISTINA34;61-95889499;72140106;AL;PENEDO;Atividades de estética e outros serviços de cuidados com a beleza;42413805000515;VICTORIACRIISTINA34;VICTORIACRIISTINA8@GMAIL.COM
408;3;61.9920.0055;CAMILLACAPUTO;61-82822856;72016041;AL;PENEDO;Preparação de documentos e serviços especializados de apoio administrativo não especificados anteriormente;42413805000516;CAMILLACAPUTO;CAMILLACAPUTO@OUTLOOK.COM
409;3;61.9920.0055;VICTORIACRIISTINA32;61-95889497;72140104;AL;PENEDO;Atividades de estética e outros serviços de cuidados com a beleza;42413805000517;VICTORIACRIISTINA32;VICTORIACRIISTINA8@GMAIL.COM
410;3;61.9920.0055;CAMILLACAPUTO;61-82822854;72016039;AL;PENEDO;Preparação de documentos e serviços especializados de apoio administrativo não especificados anteriormente;42413805000518;CAMILLACAPUTO;CAMILLACAPUTO@OUTLOOK.COM
411;3;61.9920.0055;LUCASALEXMORAIS;61-96429038;72145784;AL;PENEDO;Reparação e manutenção de computadores e de equipamentos periféricos;42413805000519;LUCASALEXMORAIS;LUCASALEXMORAIS@GMAIL.COM
412;3;61.9920.0055;CONTAX.BSB;61-83852559;72010044;AL;PENEDO;Outras atividades auxiliares dos transportes terrestres não especificadas anteriormente;42413805000520;CONTAX.BSB;CONTAX.BSB@GMAIL.COM
413;3;61.9920.0055;ADVANCE TECNOLOGIA;61-98740716;72010034;AL;PENEDO;Treinamento em desenvolvimento profissional e gerencial;42413805000521;MILTONDSW;MILTONDSW@GMAIL.COM
414;3;61.9920.0055;VICTORIACRIISTINA33;61-95889498;72140105;AL;PENEDO;Atividades de estética e outros serviços de cuidados com a beleza;42413805000522;VICTORIACRIISTINA33;VICTORIACRIISTINA8@GMAIL.COM
415;3;61.9920.0055;CAMILLACAPUTO;61-82822855;72016040;AL;PENEDO;Preparação de documentos e serviços especializados de apoio administrativo não especificados anteriormente;42413805000523;CAMILLACAPUTO;CAMILLACAPUTO@OUTLOOK.COM
416;3;61.9920.0055;LUCASALEXMORAIS;61-96429039;72145785;AL;PENEDO;Reparação e manutenção de computadores e de equipamentos periféricos;42413805000524;LUCASALEXMORAIS;LUCASALEXMORAIS@GMAIL.COM
417;3;61.9920.0055;CONTAX.BSB;61-83852560;72010045;AL;PENEDO;Outras atividades auxiliares dos transportes terrestres não especificadas anteriormente;42413805000525;CONTAX.BSB;CONTAX.BSB@GMAIL.COM
418;3;61.9920.0055;ADVANCE TECNOLOGIA;61-98740717;72010035;AL;PENEDO;Treinamento em desenvolvimento profissional e gerencial;42413805000526;MILTONDSW;MILTONDSW@GMAIL.COM
419;3;61.9920.0055;VICTORIACRIISTINA34;61-95889499;72140106;AL;PENEDO;Atividades de estética e outros serviços de cuidados com a beleza;42413805000527;VICTORIACRIISTINA34;VICTORIACRIISTINA8@GMAIL.COM
420;3;61.9920.0055;CAMILLACAPUTO;61-82822856;72016041;AL;PENEDO;Preparação de documentos e serviços especializados de apoio administrativo não especificados anteriormente;42413805000528;CAMILLACAPUTO;CAMILLACAPUTO@OUTLOOK.COM
421;3;61.9920.0055;LUCASALEXMORAIS;61-96429040;72145786;AL;PENEDO;Reparação e manutenção de computadores e de equipamentos periféricos;42413805000529;LUCASALEXMORAIS;LUCASALEXMORAIS@GMAIL.COM
422;3;61.9920.0055;CONTAX.BSB;61-83852561;72010046;AL;PENEDO;Outras atividades auxiliares dos transportes terrestres não especificadas anteriormente;42413805000530;CONTAX.BSB;CONTAX.BSB@GMAIL.COM
423;3;61.9920.0055;ADVANCE TECNOLOGIA;61-98740718;72010036;AL;PENEDO;Treinamento em desenvolvimento profissional e gerencial;42413805000531;MILTONDSW;MILTONDSW@GMAIL.COM
424;3;61.9920.0055;VICTORIACRIISTINA35;61-95889500;72140107;AL;PENEDO;Atividades de estética e outros serviços de cuidados com a beleza;42413805000532;VICTORIACRIISTINA35;VICTORIACRIISTINA8@GMAIL.COM
425;3;61.9920.0055;CAMILLACAPUTO;61-82822857;72016042;AL;PENEDO;Preparação de documentos e serviços especializados de apoio administrativo não especificados anteriormente;42413805000533;CAMILLACAPUTO;CAMILLACAPUTO@OUTLOOK.COM
426;3;61.9920.0055;VICTORIACRIISTINA33;61-95889498;72140105;AL;PENEDO;Atividades de estética e outros serviços de cuidados com a beleza;42413805000534;VICTORIACRIISTINA33;VICTORIACRIISTINA8@GMAIL.COM
427;3;61.9920.0055;CAMILLACAPUTO;61-82822855;72016040;AL;PENEDO;Preparação de documentos e serviços especializados de apoio administrativo não especificados anteriormente;42413805000535;CAMILLACAPUTO;CAMILLACAPUTO@OUTLOOK.COM
